iv,type,B_D,W_D,theta_D,dfcom,T_D,gamma_D,nu,nu2,nu_improved,L,U,sqrt_T_D,RR,lci,uci,model,outcome
(Intercept),Conditional,4.7011650215572073e-4,0.012105203815414838,-3.9828956251138368,8957,0.012622331967786131,0.040969303746017184,100.45161851740878,5361.981888022339,3301.0042040030407,-4.203145633867262,-3.7626456163604116,0.11234915205637348,"0.02 (0.01, 0.02)",0.014948480339150446,0.02322222194339611,W1,Hypertension
factor(state)10,Conditional,1.0388733675811287e-4,0.00786366360701027,0.10073195098868318,8957,0.007977939677444194,0.014324007833377546,559.0320671667835,43864.52287089666,7348.093821126528,-0.07433551632224003,0.2757994182996064,0.08931931301484687,"1.11 (0.93, 1.32)",0.9283601615950003,1.317583554370603,W1,Hypertension
factor(state)11,Conditional,6.333876175421764e-5,0.015356686190795048,0.40565335354319826,8957,0.015426358828724687,0.004516466828186656,4778.072505226774,441209.5048498475,8738.005927117161,0.16221948710699335,0.6490872199794031,0.1242028938017335,"1.50 (1.18, 1.91)",1.1761183558089605,1.9137931593568491,W1,Hypertension
factor(state)12,Conditional,5.0233711021197694e-5,0.00792144459260308,0.20835992735898656,8957,0.007976701674726397,0.006927309604469168,2116.6308055376808,187548.37827542823,8490.378979473142,0.03330974450374857,0.38341011021422455,0.08931238253862897,"1.23 (1.03, 1.47)",1.0338707254255772,1.4672796530669445,W1,Hypertension
factor(state)13,Conditional,1.1323766955579801e-5,0.012540786623599627,0.14797895518354076,8957,0.012553242767250764,0.00099226501726181089,93048.53756169253,9140861.920957098,8937.367979295774,-0.0716178979978514,0.36757580836493287,0.11204125475578522,"1.16 (0.93, 1.44)",0.9308865214678672,1.4442292790399605,W1,Hypertension
factor(state)14,Conditional,3.4823394375900035e-5,0.011626070031349864,-0.008008489877142982,8957,0.011664375765163354,0.003283993467348108,8845.81471942667,834522.288551401,8831.139483568057,-0.21968831685199172,0.20367133709770577,0.10800173963952318,"0.99 (0.80, 1.23)",0.8027689685327134,1.2258951809706984,W1,Hypertension
factor(state)15,Conditional,4.1379554946582506e-4,0.022019430054599602,-0.30822982135282084,8957,0.02247460515901201,0.020252863229051597,306.6953752700694,21941.668519309278,6267.501494808963,-0.6020746715816527,-0.014384971123988954,0.14991532663144222,"0.73 (0.55, 0.99)",0.5476742124871393,0.9857179982447004,W1,Hypertension
factor(state)16,Conditional,7.671719783712085e-5,0.011518530832641706,0.05729697657167463,8957,0.01160291975026254,0.00727307603923775,1931.4286319823022,170139.93135343428,8448.436537246165,-0.153825671654154,0.26841962479750325,0.10771684989017521,"1.06 (0.86, 1.31)",0.8574214808519853,1.3078958504120242,W1,Hypertension
factor(state)17,Conditional,3.295991551861086e-4,0.01517230716594515,0.02281696837384746,8957,0.01553486623664987,0.023338409560899203,241.93769070372855,16523.422035679774,5718.924044422625,-0.2214887676844398,0.2671227044321347,0.12463894349941301,"1.02 (0.80, 1.31)",0.801324922831785,1.3062007131144875,W1,Hypertension
factor(state)18,Conditional,3.721487683689082e-5,0.007276587569354151,-0.06822169370557564,8957,0.00731752393387473,0.005594291852066897,3172.6284480106638,287575.75604133407,8637.441778531998,-0.23588267152825992,0.0994392841171086,0.0855425270486834,"0.93 (0.79, 1.10)",0.7898733431285464,1.1045514048902456,W1,Hypertension
factor(state)19,Conditional,4.0950302150455364e-5,0.008563426868539989,-0.06814774324402698,8957,0.008608472200905489,0.00523267442982075,3603.848127551838,328696.5008062556,8673.08903416205,-0.24999750269383317,0.11370201620577916,0.09278185275637413,"0.93 (0.78, 1.12)",0.7788027279778317,1.1204182086668806,W1,Hypertension
factor(state)2,Conditional,1.6234119526951297e-4,0.01217137709856016,-0.13503573158849058,8957,0.012349952413356624,0.014459595374904675,549.7837804738756,43045.745041089256,7323.9182478235525,-0.35285331970628425,0.08278185652930303,0.11113033975182755,"0.87 (0.70, 1.09)",0.7026802551647059,1.0863048123975851,W1,Hypertension
factor(state)20,Conditional,2.7572889053780993e-5,0.009655595056636022,0.006223290334398809,8957,0.009685925234595182,0.003131366103346422,9703.201709562005,917856.5622731489,8840.973074575344,-0.18667093213163594,0.19911751280043355,0.09841709828375952,"1.01 (0.83, 1.22)",0.8297167245810226,1.2203253613249578,W1,Hypertension
factor(state)21,Conditional,3.7011773238461706e-5,0.007514335370916665,0.059754156319674595,8957,0.007555048321478973,0.005388840524892623,3407.1272622701263,309921.6007564822,8657.92606786621,-0.11060614922202744,0.23011446186137657,0.08691978095622982,"1.06 (0.90, 1.26)",0.8952912906713971,1.2587440798744427,W1,Hypertension
factor(state)22,Conditional,3.739772755874504e-5,0.0073192539704856445,0.0338176643369877,8957,0.007360391470800264,0.005589037006770353,3178.310863958086,288116.7710715839,8637.973229436946,-0.1343336909996869,0.20196901967366226,0.0857927238802934,"1.03 (0.87, 1.22)",0.874298270457608,1.2238100934879859,W1,Hypertension
factor(state)23,Conditional,6.238754966005095e-5,0.006281781803472379,-0.06623569530898483,8957,0.006350408108098435,0.010806597537966029,927.8615039750268,77066.30805042191,7945.005353276654,-0.22242659621435107,0.08995520559638141,0.07968944790935896,"0.94 (0.80, 1.09)",0.8005737697388795,1.094125271918452,W1,Hypertension
factor(state)24,Conditional,4.6649813341276124e-5,0.007767694554867594,-0.30630979757803684,8957,0.007819009349542997,0.006562825593552075,2343.723462292789,208958.85664613897,8532.948165362392,-0.4796209351345432,-0.13299866002153057,0.08842516242305126,"0.74 (0.62, 0.88)",0.6190179953114666,0.8754662652139312,W1,Hypertension
factor(state)25,Conditional,2.7411843654063855e-4,0.0343067508172385,-0.404034059534675,8957,0.034608281097433205,0.008712662710574956,1378.8331361661692,118560.68668746091,8258.631345912228,-0.7686557829430647,-0.03941233612628536,0.18603301077344636,"0.67 (0.46, 0.96)",0.46363587687640384,0.9613542263322165,W1,Hypertension
factor(state)27,Conditional,2.747984961748127e-4,0.008309525798135285,-0.16896803920822864,8957,0.008611804143927579,0.035100466840672265,126.4926442327592,7304.941193093569,3958.431283595988,-0.35088245986698163,0.012946381450524291,0.09279980680975354,"0.84 (0.70, 1.01)",0.7040665050628906,1.013030548674983,W1,Hypertension
factor(state)28,Conditional,3.009883297859145e-4,0.009928245001162385,-0.1760647173771184,8957,0.01025933216392689,0.03227180458477115,143.90498587248527,8641.636757877915,4326.902270512784,-0.37461406700717953,0.0224846322529427,0.10128836144358784,"0.84 (0.69, 1.02)",0.6875545775897562,1.0227393168445496,W1,Hypertension
factor(state)29,Conditional,7.344489129719928e-5,0.007351342597722642,-0.2619820670650057,8957,0.007432131978149561,0.01087028334055957,917.9795090486824,76165.93550732653,7934.877022713012,-0.4309528821711968,-0.09301125195881466,0.08620981369977296,"0.77 (0.65, 0.91)",0.6498895314370375,0.9111832476420844,W1,Hypertension
factor(state)3,Conditional,2.6428551031408104e-4,0.0073481859570024505,0.3026182583515883,8957,0.00763890001834794,0.038057058038097176,111.99778197120975,6214.011953187217,3609.925534338004,0.13128246347870032,0.47395405322447626,0.0874008010166265,"1.35 (1.14, 1.61)",1.1402898260579044,1.6063331795018496,W1,Hypertension
factor(state)30,Conditional,0.0010421979358566445,0.03538010557791094,-0.3978941376777163,8957,0.03652652330735325,0.03138589785279456,150.2691782322566,9136.364033692254,4449.5744140095185,-0.7725303875424467,-0.02325788781298599,0.1911191338075632,"0.67 (0.46, 0.98)",0.4618429468658912,0.9770104921828002,W1,Hypertension
factor(state)31,Conditional,4.57785459206781e-5,0.057402685489701955,-0.08275678917809307,8957,0.057453041890214704,8.764792751786833e-4,119010.15633929397,11715456.251069544,8940.324027533998,-0.5525477428459761,0.3870341644897899,0.23969364173923075,"0.92 (0.58, 1.47)",0.5754817615281743,1.4726068012737494,W1,Hypertension
factor(state)32,Conditional,5.321442565265632e-4,0.012116667571241203,-0.3658263735970416,8957,0.012702026253420422,0.04608388224843995,84.82167242858033,4237.838409956068,2832.591733582771,-0.5867838237722759,-0.1448689234218074,0.11270326638310188,"0.69 (0.56, 0.87)",0.5561129689684124,0.8651356847043112,W1,Hypertension
factor(state)33,Conditional,3.371616366077328e-5,0.008646924889813013,-0.15564780488415944,8957,0.008684012669839864,0.004270811367613369,5320.865609481861,493425.6585400191,8758.479985702645,-0.33829347477437055,0.026997865006051697,0.09318805003775894,"0.86 (0.71, 1.03)",0.7129860137819233,1.0273656093417893,W1,Hypertension
factor(state)34,Conditional,0.0017166074739910968,0.08069761359427276,-0.6614691315787167,8957,0.08258588181566297,0.022864298108542857,250.3006428592213,17215.782278534753,5801.5181964474505,-1.224758469053902,-0.0981797941035315,0.287377594491399,"0.52 (0.29, 0.91)",0.293828660468006,0.9064859082803043,W1,Hypertension
factor(state)35,Conditional,8.900758101436103e-4,0.026739190047791545,-0.2575309983313203,8957,0.027718273438949517,0.03532266875548499,125.2861479873318,7213.324869129705,3930.961791427476,-0.5838963583022092,0.06883436163956852,0.16648805794695762,"0.77 (0.56, 1.07)",0.5577210464806369,1.071258752908542,W1,Hypertension
factor(state)36,Conditional,1.3974066616727877e-4,0.00728212802620912,-0.20496927896467565,8957,0.007435842758993126,0.020672133309717927,296.2629378528583,21060.657015734614,6191.62370288513,-0.37398929926156377,-0.03594925866778756,0.0862313328146627,"0.81 (0.69, 0.96)",0.6879842737293519,0.9646892418585625,W1,Hypertension
factor(state)37,Conditional,1.6941566087144312e-4,0.05206566521928379,0.09796139039449729,8957,0.05225202244624238,0.0035665074428518897,7537.001300370971,707548.5415255587,8811.93321186563,-0.3500616885446832,0.5459844693336777,0.22858701285559155,"1.10 (0.70, 1.73)",0.7046446198768125,1.7263070424436686,W1,Hypertension
factor(state)4,Conditional,1.229892361609719e-4,0.06716917738481569,0.04688733107393783,8957,0.06730446554459275,0.002010091881458201,23087.863137475113,2227463.9829180366,8901.286675766813,-0.46158844398200505,0.5553631061298806,0.25943104198340017,"1.05 (0.63, 1.74)",0.6302816827907811,1.7425736090714665,W1,Hypertension
factor(state)5,Conditional,2.8425231924090035e-4,0.01149342331814146,0.08267744646451211,8957,0.011806100869306451,0.02648440451477852,196.768540045563,12831.046661970864,5190.939033181719,-0.13030426128490746,0.29565915421393163,0.10865588281039573,"1.09 (0.88, 1.34)",0.8778283011171675,1.3440119779332111,W1,Hypertension
factor(state)6,Conditional,1.2035735876880168e-4,0.007800527930738849,0.13558587292628757,8957,0.00793292102538453,0.016689072565078813,427.49011644254074,32313.061220958647,6919.84160291191,-0.038988674271198065,0.3101604201237732,0.08906694687359913,"1.15 (0.96, 1.36)",0.9617616017357568,1.3636438525022916,W1,Hypertension
factor(state)7,Conditional,3.250028973906918e-4,0.010693237447458315,-0.09967608597243845,8957,0.011050740634588076,0.032351061250211595,143.3591014044426,8599.346439610785,4316.097851300123,-0.3057414095799626,0.10638923763508569,0.10512250298859933,"0.91 (0.74, 1.11)",0.736577066604178,1.112254723659115,W1,Hypertension
factor(state)8,Conditional,3.0426455438183663e-5,0.007311228537786569,-0.18057954511994886,8957,0.007344697638768571,0.004556906577792567,4696.927575230886,433413.32495782943,8734.546488494087,-0.3485513020171924,-0.012607788222705335,0.0857012114194926,"0.83 (0.71, 0.99)",0.7057097097635715,0.9874713569747648,W1,Hypertension
factor(state)9,Conditional,1.5380200227124718e-5,0.005735084802469473,0.10396166671740076,8957,0.00575200302271931,0.0029412745756588555,10961.377597099869,1040330.5968819845,8852.683194351064,-0.044686017971635905,0.25260935140643737,0.07584196083118705,"1.11 (0.96, 1.29)",0.9562976949898584,1.2873802653006332,W1,Hypertension
h_htn,Conditional,1.3240439491085112e-4,6.309564536851166e-4,0.3166113807883304,8957,7.766012880870528e-4,0.1875413247906051,18.48696810391961,255.88719306694057,247.19322170733028,0.2617323939040259,0.3714903676726349,0.02786756695671606,"1.37 (1.30, 1.45)",1.299178827732109,1.4498938801816565,W1,Hypertension
hh_children,Conditional,2.9883999889811475e-6,7.250773471185302e-5,-0.03212067617639071,8957,7.579497469973228e-5,0.04337015746626898,92.49051223473931,4784.7638861845735,3070.0379722344164,-0.049188500760789754,-0.015052851591991667,0.008706030938362915,"0.97 (0.95, 0.99)",0.9520016597467896,0.9850598762445925,W1,Hypertension
hh_high,Conditional,7.214056888857431e-5,0.0019315589426400048,0.12537416090848463,8957,0.0020109135684174364,0.03946197739362952,106.13645027877845,5779.4275324628215,3456.8021676243507,0.03746467199082189,0.2132836498261474,0.04484321095124028,"1.13 (1.04, 1.24)",1.0381753197667354,1.2377356849677772,W1,Hypertension
hh_highest,Conditional,1.3449316090564996e-4,0.00253959012518,0.09046369332292978,8957,0.002687532602176215,0.05504769574754901,66.4195561903494,2970.0531450978174,2198.435121994271,-0.011185042423050434,0.19211242906890996,0.051841417825675015,"1.09 (0.99, 1.21)",0.9888772775968541,1.2118067516111724,W1,Hypertension
hh_low,Conditional,2.6930667077229915e-5,0.0014093967489560684,0.019096749164068134,8957,0.0014390204827410213,0.020586040393619786,298.3559137044384,21237.180988338085,6207.1771048590535,-0.055257592230900696,0.09345109055903694,0.03793442345338889,"1.02 (0.95, 1.10)",0.946241372131435,1.0979569015697912,W1,Hypertension
hh_medium,Conditional,2.419516788537639e-5,0.0015450810338864503,0.08382823888835642,8957,0.0015716957185603643,0.0169337387381143,416.81760010869033,31386.059915551505,6875.012408033012,0.006123219271332345,0.16153325850538047,0.03964461777543535,"1.09 (1.01, 1.18)",1.0061420045009086,1.1753115466137567,W1,Hypertension
nmembers,Conditional,7.064131291097684e-7,1.4020104944304972e-5,0.0012928967309305838,8957,1.4797159386325717e-5,0.052513757656677894,70.7750132829146,3263.5954440255423,2356.9942210483437,-0.006249308779481431,0.0088351022413426,0.00384670760343514,"1.00 (0.99, 1.01)",0.9937701775374947,1.0088742469547374,W1,Hypertension
rural,Conditional,5.476704908081881e-5,0.0010596022219540376,0.04357344882585907,8957,0.0011198459759429384,0.053796464230872414,68.50168834025835,3109.818509871402,2274.8956736789523,-0.022040518851205303,0.10918741650292343,0.03346409980774828,"1.04 (0.98, 1.12)",0.9782005986836985,1.1153713697555727,W1,Hypertension
w_age,Conditional,2.7990987952617174e-7,2.979416060839505e-6,0.047403125467564845,8957,3.287316928318294e-6,0.09366327439450842,34.84497188385834,1025.897181902415,910.7748294459443,0.04384532525664101,0.05096092567848868,0.0018130959512166736,"1.05 (1.04, 1.05)",1.0448207350104655,1.0522817752834723,W1,Hypertension
w_alcohol,Conditional,5.041679020377668e-5,0.005403218323577021,0.1728557878726285,8957,0.005458676792801175,0.010159690952446971,1038.6734569527243,87192.97877828148,8046.059813145954,0.028046035801292807,0.3176655399439642,0.07388285858574488,"1.19 (1.03, 1.37)",1.028443028530557,1.3739166641289369,W1,Hypertension
w_bmi,Conditional,3.026452021169277e-6,1.7004985915305754e-6,0.02727592883113497,8957,5.029595814816781e-6,0.6619015415670092,9.942920070865519,20.542614878648237,20.404173498951288,0.022605697633781494,0.03194616002848845,0.002242676038757444,"1.03 (1.02, 1.03)",1.022863142664801,1.032461916088522,W1,Hypertension
w_education_2,Conditional,2.2829190240721994e-5,0.001198973998115707,0.04197561567983467,8957,0.001224086107380501,0.0205149859257313,300.1021378739362,21384.54739013285,6220.024615249732,-0.02660141193551567,0.11055264329518501,0.034986941955256694,"1.04 (0.97, 1.12)",0.9737492890280542,1.1168951445452955,W1,Hypertension
w_education_3,Conditional,3.81298011609934e-5,9.887971789245618e-4,-0.009075090292213425,8957,0.0010307399602016546,0.04069191347630204,101.45469578964371,5435.3346024942975,3329.032706793841,-0.07201402222651007,0.0538638416420832,0.03210513915561891,"0.99 (0.93, 1.06)",0.9305178477876914,1.0553408988882667,W1,Hypertension
w_education_4,Conditional,1.0015478476517776e-4,0.0031429068721359333,-0.16936824021782043,8957,0.003253077135377629,0.03386647738646584,133.59469708560638,7846.978406783247,4114.863004137427,-0.28117350765371596,-0.057562972781924904,0.05703575313237855,"0.84 (0.75, 0.94)",0.7548973436496009,0.9440624382764604,W1,Hypertension
w_tobacco_any,Conditional,4.424935714326483e-5,0.0019287706033321234,0.1033265749853162,8957,0.0019774448961897145,0.024614740441759212,221.64715308144176,14854.293075262729,5500.303898746169,0.016162871444654836,0.19049027852597755,0.04446847081011123,"1.11 (1.02, 1.21)",1.0162941972312514,1.2098426121267811,W1,Hypertension
(Intercept),Conditional,0.002520777246458427,0.008762652340503807,-3.349549014581429,8957,0.011535507311608077,0.24037564159089658,15.587071883164255,155.76202928191208,152.27523464937352,-3.5617042987380243,-3.137393730424834,0.10740347904797161,"0.04 (0.03, 0.04)",0.028390397739850737,0.04339575167131423,H1,Hypertension
factor(state)10,Conditional,2.55274229707204e-4,0.0061037038796698685,0.14829065395546948,8957,0.006384505532347793,0.04398173848471307,90.64968423100082,4652.621525471034,3014.414253238201,-0.008357297334137398,0.3049386052450763,0.07990310089319308,"1.16 (0.99, 1.36)",0.9916775277930533,1.356541715903363,H1,Hypertension
factor(state)11,Conditional,5.27548424401333e-4,0.014215884482294792,0.6842985669748836,8957,0.014796187749136259,0.03921978260078121,107.10596118552215,5851.027582540664,3482.6455866867873,0.44584004023098245,0.9227570937187846,0.12163958134232565,"1.98 (1.56, 2.52)",1.5618016211251033,2.5162182847480623,H1,Hypertension
factor(state)12,Conditional,1.8955022039794225e-4,0.005506541410436731,0.4866354069307072,8957,0.005715046652874468,0.03648355912070564,119.30935023410555,6761.578766938317,3790.8616669458247,0.3384396637077398,0.6348311501536746,0.07559792756997025,"1.63 (1.40, 1.89)",1.4027571092374904,1.886703544958382,H1,Hypertension
factor(state)13,Conditional,1.9476053318785748e-4,0.008648944047279294,0.3022840896152099,8957,0.008863180633785937,0.024171524349846336,228.35133747232695,15404.032644493187,5575.5781762870765,0.11774982561961952,0.4868183536108003,0.09414446682511902,"1.35 (1.12, 1.63)",1.1249626393290186,1.6271310200584834,H1,Hypertension
factor(state)14,Conditional,1.059509913170829e-4,0.0081152380263395,0.5280223756678557,8957,0.008231784116788292,0.014158059637533688,570.7007701402703,44898.8311026925,7377.59791083046,0.3501916564900749,0.7058530948456365,0.09072918007338263,"1.70 (1.42, 2.03)",1.4193395481632087,2.0255739547553544,H1,Hypertension
factor(state)15,Conditional,5.555228726036805e-4,0.01773052047837883,0.10084087177500078,8957,0.018341595638242877,0.03331635763411637,136.9973281453775,8108.256496474998,4186.742649874137,-0.1646389287186556,0.36632067226865717,0.13543114722338756,"1.11 (0.85, 1.44)",0.848199909431746,1.4424177118600419,H1,Hypertension
factor(state)16,Conditional,2.352992822854742e-4,0.010417702780655373,0.2159576427383024,8957,0.010676531991169394,0.024242816930450863,227.2495814208502,15313.566386013328,5563.422632894938,0.013423838018065182,0.41849144745853956,0.10332730515778196,"1.24 (1.01, 1.52)",1.0135143422495867,1.5196673275627695,H1,Hypertension
factor(state)17,Conditional,1.6901434862892197e-4,0.010899530848004154,0.24066373124928891,8957,0.011085446631495969,0.016771158589460013,423.85964330377936,31997.524337853483,6904.807056401442,0.03429631962326732,0.44703114287531054,0.10528744764451253,"1.27 (1.03, 1.56)",1.0348912198745241,1.5636629954898404,H1,Hypertension
factor(state)18,Conditional,2.1261740657238114e-4,0.00522081415300265,0.15668279460385584,8957,0.00545469330023227,0.04287668148448609,94.02812699062379,4895.535220694191,3115.8499793751675,0.01189210169583349,0.3014734875118782,0.0738558955008486,"1.17 (1.01, 1.35)",1.0119630938734985,1.3518492737751728,H1,Hypertension
factor(state)19,Conditional,2.0190032262353767e-4,0.006481199500301717,-0.006461099978548336,8957,0.0067032898551876085,0.03313154580567898,138.17566295821896,8198.966488129488,4211.189407230628,-0.1669541414701542,0.15403194151305752,0.0818736212414451,"0.99 (0.85, 1.17)",0.8462384176971148,1.1665281468573996,H1,Hypertension
factor(state)2,Conditional,6.780323123503557e-4,0.009539082976161314,0.06465380296980891,8957,0.010284918519746705,0.0725173993506523,46.743724037664435,1711.4257723289088,1419.0260018431015,-0.1342558079990225,0.2635634139386403,0.10141458731241135,"1.07 (0.87, 1.30)",0.8743663660820983,1.3015598293598558,H1,Hypertension
factor(state)20,Conditional,1.68621238303458e-4,0.005390696933100421,0.22152794347111532,8957,0.005576180295234225,0.033263515939814615,137.33238898021386,8134.038156370538,4193.717124641886,0.0751481522332291,0.3679077347090015,0.0746738260385406,"1.25 (1.08, 1.44)",1.0780438536586165,1.4447087363524034,H1,Hypertension
factor(state)21,Conditional,1.7331688240346244e-4,0.00526127349830871,0.21427390021334128,8957,0.005451922068952519,0.03496905645983273,127.21614072654329,7359.94689771692,3974.7765078513926,0.06953197751505316,0.35901582291162937,0.0738371320471788,"1.24 (1.07, 1.43)",1.072006340755579,1.4319194585274613,H1,Hypertension
factor(state)22,Conditional,1.9560942806393946e-4,0.005322068414664661,0.3446723581947821,8957,0.005537238785534995,0.03885878489337067,108.58185994566853,5960.244519826162,3521.590774003638,0.1987966695449592,0.49054804684460496,0.0744126251756716,"1.41 (1.22, 1.63)",1.2199338909669626,1.633211050891361,H1,Hypertension
factor(state)23,Conditional,4.8371507761436086e-4,0.004821205124388679,0.19925455775508985,8957,0.005353291709764476,0.09939428191541737,32.6987522523298,911.0027931562645,818.5414759568644,0.05566068032603061,0.3428484351841491,0.07316619239624593,"1.22 (1.06, 1.41)",1.057238880913246,1.4089551977073662,H1,Hypertension
factor(state)24,Conditional,2.3165570109704036e-4,0.006577515283221992,-0.06272159937676447,8957,0.006832336554428736,0.03729635816045518,115.42667710626125,6470.080079280221,3696.129944624355,-0.22475851502819463,0.09931531627466567,0.08265794913030891,"0.94 (0.80, 1.10)",0.7987090717105578,1.1044144845227508,H1,Hypertension
factor(state)25,Conditional,0.002911586653571518,0.045674566817573266,-0.22696944844478414,8957,0.048877312136501934,0.06552621613038406,52.97394516936171,2096.1016001949924,1676.232556218375,-0.660532830961643,0.20659393407207463,0.2210821388907343,"0.80 (0.52, 1.23)",0.516576013454416,1.229483219158315,H1,Hypertension
factor(state)27,Conditional,1.8141100978020638e-4,0.005826094747482324,0.09066399261166636,8957,0.006025646858240551,0.03311712675052035,138.26836350702717,8206.10763219441,4213.103087536344,-0.061500733950267006,0.24282871917359972,0.0776250401496872,"1.09 (0.94, 1.27)",0.9403522555673863,1.2748502480131572,H1,Hypertension
factor(state)28,Conditional,3.5396087216016777e-4,0.006588359104432685,0.17330652564007504,8957,0.00697771606380887,0.055800057757530684,65.22724390699354,2890.5015893190657,2154.1066165170955,0.009516809480948546,0.3370962417992015,0.08353272450847554,"1.19 (1.01, 1.40)",1.0095622383104386,1.400873879873611,H1,Hypertension
factor(state)29,Conditional,3.463399295415965e-4,0.005551295517753861,0.25725097119496954,8957,0.005932269440249617,0.06422060331766145,54.33750895719804,2182.1959580359935,1731.3406630227591,0.10620836416836732,0.40829357822157175,0.0770212272055543,"1.29 (1.11, 1.50)",1.1120535644840999,1.5042487110136127,H1,Hypertension
factor(state)3,Conditional,5.361207669281153e-4,0.005051573698626308,0.5115492886219665,8957,0.0056413065422472345,0.10453834394647249,31.022230941202377,823.5524767728833,746.8495741972694,0.3641224098336408,0.6589761674102921,0.07510863160947105,"1.67 (1.44, 1.93)",1.4392503817753026,1.93281244466652,H1,Hypertension
factor(state)30,Conditional,0.0013281267147809892,0.01881308764827264,0.05318018201542472,8957,0.020274027034531728,0.07205965463944305,47.103751549495115,1733.237819146536,1434.111062295972,-0.22608801617413415,0.33244838020498363,0.14238689207413627,"1.05 (0.80, 1.39)",0.7976478926601375,1.3943779198247583,H1,Hypertension
factor(state)31,Conditional,9.39531762616829e-4,0.05951985669610311,0.029188292788902757,8957,0.06055334163498162,0.01706734774619719,411.1739053269908,30896.581822344786,6850.5122758755815,-0.45313047577911897,0.5115070613569245,0.24607588592745455,"1.03 (0.64, 1.67)",0.6356351932186042,1.6678027830371271,H1,Hypertension
factor(state)32,Conditional,6.2408828471604e-4,0.007024152778577084,0.06511755673563249,8957,0.007710649891764728,0.08903232838010833,36.83958962350024,1135.3951820075772,996.677138189374,-0.1071711425267004,0.23740625599796536,0.08781030629581432,"1.07 (0.90, 1.27)",0.8983719101943768,1.2679561279373481,H1,Hypertension
factor(state)33,Conditional,3.180768835649212e-4,0.005242533653403736,0.2826549849712021,8957,0.005592418225325149,0.06256409263830956,56.176265098857094,2299.281836791171,1804.9217679638343,0.136006835434665,0.42930313450773927,0.074782472714702,"1.33 (1.15, 1.54)",1.1456897248553572,1.5361866350033762,H1,Hypertension
factor(state)34,Conditional,2.174344420906669e-4,0.029534381422781017,0.06965570620205702,8957,0.029773559309080752,0.008033231224282475,1603.5918550769788,139463.95407764587,8351.142645250678,-0.26853933706235944,0.40785074946647343,0.17255016461620878,"1.07 (0.76, 1.50)",0.7644953492171265,1.5035827338973478,H1,Hypertension
factor(state)35,Conditional,4.963145689988426e-4,0.015407428091735014,0.3859832604974272,8957,0.015953374117633742,0.034221351663487685,131.4796308790983,7685.076431619596,4069.198130586417,0.13838774718911906,0.6335787738057352,0.12630666695639522,"1.47 (1.15, 1.88)",1.1484207608759767,1.884342161042427,H1,Hypertension
factor(state)36,Conditional,4.8592726680265195e-4,0.005341059673564465,0.25742820826388857,8957,0.005875579667047382,0.09097315052686983,35.97212067933109,1087.4668803499694,959.3124079009971,0.10702500498745454,0.40783141154032254,0.07665232982139149,"1.29 (1.11, 1.50)",1.1129620837343301,1.5035536580066127,H1,Hypertension
factor(state)37,Conditional,0.001209768394810684,0.04409299596918383,0.06309324228595531,8957,0.04542374120347559,0.029296249032651916,167.4492624914799,10486.208099242715,4752.783094354673,-0.35467908784680835,0.4808655724187189,0.21312846173957053,"1.07 (0.70, 1.62)",0.7013984943968926,1.617473837190824,H1,Hypertension
factor(state)4,Conditional,8.654538264558464e-4,0.029100331340854043,0.3079329716572608,8957,0.030052330549955476,0.031678049311980615,148.11571770779295,8968.620516882747,4408.7334270997035,-0.03188456222026159,0.6477505055347832,0.17335608022205473,"1.36 (0.97, 1.91)",0.9686183907820449,1.9112366734232213,H1,Hypertension
factor(state)5,Conditional,4.5304286686264917e-4,0.0065989385825869174,0.4318052979472669,8957,0.007097285736135831,0.07021658308211821,48.61568649812774,1825.4213508543312,1497.1822112525808,0.266577813120477,0.5970327827740567,0.08424538999930994,"1.54 (1.31, 1.82)",1.3054891695691835,1.816720191481899,H1,Hypertension
factor(state)6,Conditional,2.0961912381489768e-4,0.005434029205715701,0.24083431229046584,8957,0.005664610241912089,0.040705543073437454,101.40497300314547,5431.695342931652,3327.6488374495975,0.09328747880749813,0.3883811457734335,0.07526360502867298,"1.27 (1.10, 1.47)",1.097777277612707,1.4745917115916438,H1,Hypertension
factor(state)7,Conditional,8.303618751458307e-4,0.006245823815685161,0.4443650087241018,8957,0.007159221878345575,0.12758342710723347,25.51666805174282,552.9094105571936,516.3649773583631,0.27816436004187806,0.6105656574063254,0.08461218516470057,"1.56 (1.32, 1.84)",1.3207032502126999,1.8414727469285714,H1,Hypertension
factor(state)8,Conditional,2.5797584051904425e-4,0.005440445631663866,0.04933368617348047,8957,0.0057242190562348146,0.04957417278814006,76.58942073866152,3662.1114497965905,2560.4218852999966,-0.09900341072638,0.1976707830733409,0.07565856895444702,"1.05 (0.91, 1.22)",0.905739618788269,1.218561156819266,H1,Hypertension
factor(state)9,Conditional,2.181682731376501e-4,0.004459650970347854,0.22590488162750452,8957,0.004699636070799269,0.051064613692651466,73.52907827421194,3451.4565292473103,2454.5212914790345,0.09149458781593234,0.3603151754390767,0.06855389172613958,"1.25 (1.10, 1.43)",1.0958108459464906,1.4337812359856839,H1,Hypertension
h_age,Conditional,1.1290801005288166e-7,1.5000360728975295e-6,0.03477058181825221,8957,1.6242348839556993e-6,0.07646604089409358,43.86823831838851,1539.2363110808178,1297.7099949089288,0.032270730719205075,0.03727043291729935,0.0012744547398616003,"1.04 (1.03, 1.04)",1.032797077354585,1.0379736851377657,H1,Hypertension
h_alcohol,Conditional,1.3846304924413475e-5,4.351261596778812e-4,0.20194377141464523,8957,4.5035709509473604e-4,0.03381968571773224,133.87816570918534,7868.70700715459,4120.9251988552305,0.16034376440965106,0.2435437784196394,0.021221618578580098,"1.22 (1.17, 1.28)",1.1739143516107609,1.2757621674696784,H1,Hypertension
h_bmi,Conditional,6.598119877315441e-6,6.943840882309785e-7,0.012520153968398604,8957,7.952315953277965e-6,0.9126815267010673,9.173034190770936,10.804482963466848,10.65722581021961,0.006299677729667119,0.01874063020713009,0.0028199850980595562,"1.01 (1.01, 1.02)",1.0063195624332275,1.0189173379628909,H1,Hypertension
h_education_2,Conditional,8.755882057082504e-5,0.001134414873339346,0.054207207289895525,8957,0.0012307295759672536,0.07825821732789025,42.68614201622867,1469.5440475680641,1247.4526310376993,-0.014608448230008432,0.12302286280979946,0.035081755599844965,"1.06 (0.99, 1.13)",0.9854977374516404,1.130910276438474,H1,Hypertension
h_education_3,Conditional,3.875383172017381e-5,7.724531878735151e-4,0.08426587416259926,8957,8.150824027657063e-4,0.05230049716144451,71.16749875099917,3290.2649793076635,2371.0222111546254,0.02828900059158477,0.14024274773361373,0.02854964803225613,"1.09 (1.03, 1.15)",1.0286929343332374,1.1505530591084603,H1,Hypertension
h_education_4,Conditional,1.913238272647918e-4,0.0014076590116786582,0.11380629298228077,8957,0.0016181152216699292,0.13006256116549952,25.065866212962405,532.032185428555,498.0202560400494,0.0347854038927877,0.19282718207177385,0.040225802933812636,"1.12 (1.04, 1.21)",1.0353974926857719,1.21267320373852,H1,Hypertension
h_tobacco_any,Conditional,4.114038222347176e-5,4.530384805780549e-4,-0.017978718914427688,8957,4.982929010238738e-4,0.09081891464404136,36.039330520305796,1091.163661756007,962.2073640490364,-0.06177855012676765,0.025821112297912282,0.022322475244109328,"0.98 (0.94, 1.03)",0.9400910467848735,1.0261573651205027,H1,Hypertension
hh_children,Conditional,4.647153519346816e-6,5.218189596004896e-5,2.0243362228031727e-4,8957,5.729376483133045e-5,0.08922208003489639,36.75265001426857,1130.5709497230764,992.9325947797739,-0.014648951432864451,0.015053818677425085,0.007569264484170867,"1.00 (0.99, 1.02)",0.9854578224452144,1.015167698128432,H1,Hypertension
hh_high,Conditional,5.726359623919983e-5,0.0011377873107318648,0.18446810565791233,8957,0.0012007772665949847,0.05245765190220408,70.8778561975938,3270.580293641965,2360.6741330322257,0.11652583290275335,0.2524103784130713,0.03465223321223301,"1.20 (1.12, 1.29)",1.1235865355940098,1.2871241368778104,H1,Hypertension
hh_highest,Conditional,1.3654864501516507e-4,0.0015399951237273948,0.18340251528088358,8957,0.0016901986332440765,0.08886737130321129,36.9155545706722,1139.6141724953652,999.9489018702953,0.10273875611878709,0.2640662744429801,0.041112025409168015,"1.20 (1.11, 1.30)",1.1082018603010786,1.302214496981526,H1,Hypertension
hh_low,Conditional,4.313747035034876e-5,8.952653106182409e-4,0.06802372596970341,8957,9.427165280036246e-4,0.050334555484956134,74.99768156741123,3552.3032584384387,2505.6646993872905,0.007825089858946546,0.12822236208046028,0.03070368915950695,"1.07 (1.01, 1.14)",1.0078557858887562,1.1368057570877481,H1,Hypertension
hh_medium,Conditional,3.790320565223897e-5,9.838167600277623e-4,0.1536561216465453,8957,0.001025510286245225,0.040656370566616536,101.58457585941191,5444.842192529259,3332.6447865165883,0.09087708406262705,0.21643515923046353,0.032023589527803174,"1.17 (1.10, 1.24)",1.095134387515511,1.241642573683671,H1,Hypertension
nmembers,Conditional,8.295099060021005e-7,9.44143331564784e-6,-0.00509760519979553,8957,1.035389421225015e-5,0.088127314988667535,37.26084125950334,1158.8345432774474,1014.8187601997955,-0.011410866837142616,0.0012156564375515556,0.003217746760118041,"0.99 (0.99, 1.00)",0.9886539901778559,1.00121639564735,H1,Hypertension
rural,Conditional,4.80929523963491e-5,6.617567215360826e-4,-0.043937748703586896,8957,7.146589691720667e-4,0.07402446469995519,45.599149206104464,1642.4492470437726,1370.9083518499024,-0.09637231406874222,0.008496816661568422,0.026733106238745745,"0.96 (0.91, 1.01)",0.9081258450913904,1.0085330170650169,H1,Hypertension
w_htn,Conditional,7.745363974020725e-5,4.2011755712585653e-4,0.27190203401913154,8957,5.053165608400846e-4,0.1686052077386606,20.064168545871517,316.59244012955526,303.6789878788656,0.22767444387932007,0.316129624158943,0.022479247337045885,"1.31 (1.26, 1.37)",1.2556764657235548,1.3718080635681627,H1,Hypertension
(Intercept),Conditional,0.0034743937847151046,0.07736344915662903,-6.0868296221375315,8957,0.08118528231981564,0.047075443405260965,82.31478024299696,4061.193390921276,2751.6442209713146,-6.645449256024255,-5.528209988250808,0.28493031133913366,"0.00 (0.00, 0.00)",0.0012999242882423129,0.0039730946137467565,W1,Diabetes
factor(state)10,Conditional,1.7297601152918343e-4,0.02933496365203161,-0.2600805435725645,8957,0.029525237264713712,0.006444439750853489,2425.735670258612,216706.6176830118,8546.402362843326,-0.5968612587216005,0.07670017157647147,0.17182909318480882,"0.77 (0.55, 1.08)",0.5505369200238301,1.0797182976209558,W1,Diabetes
factor(state)11,Conditional,9.957803311388662e-5,0.1689365875319317,-0.124404417885311,8957,0.16904612336835698,6.479642019745886e-4,216865.81651087457,21435838.83935785,8945.463529163644,-0.9302479480149696,0.6814391122443475,0.4111521900323005,"0.88 (0.39, 1.98)",0.3944558936895428,1.9767204088184787,W1,Diabetes
factor(state)12,Conditional,9.565943995038587e-4,0.04127785345228691,-0.3656736488230232,8957,0.04233010729174116,0.02485828425149173,218.10597403780193,14564.655270483985,5459.245647496358,-0.7689556766630226,0.03760837901697611,0.20574281832360797,"0.69 (0.46, 1.04)",0.46349685623533193,1.0383245235751268,W1,Diabetes
factor(state)13,Conditional,0.0013710913567505632,0.14445686634096108,-1.0571209762732643,8957,0.1459650668333867,0.010332612625369946,1007.0647230870011,84298.95944137004,8019.382753339259,-1.8059433153145863,-0.3082986372319424,0.3820537486184198,"0.35 (0.16, 0.73)",0.16431937845868907,0.7346958777009405,W1,Diabetes
factor(state)14,Conditional,0.0047808685939672154,0.13800599777825318,-1.054055965578942,8957,0.14326495323161711,0.0367078991388896,118.21403706510415,6679.184650114684,3764.4411578131276,-1.7960437911788463,-0.31206813997903804,0.378503570962834,"0.35 (0.17, 0.73)",0.1659541404439622,0.7319316527216002,W1,Diabetes
factor(state)15,Conditional,0.002407203103608704,0.09255550746236087,-0.49418994892773216,8957,0.09520343087633044,0.027813319221754056,181.87756736958417,11634.20919883889,4979.642750759028,-1.099000800681413,0.11062090282594861,0.30855053212777067,"0.61 (0.33, 1.12)",0.33320385448257206,1.1169713858858437,W1,Diabetes
factor(state)16,Conditional,3.9833280137607297e-4,0.11601870447478017,-0.1000119556027645,8957,0.11645687055629385,0.0037624751499901942,6795.487329865278,635762.9702062012,8797.852339826883,-0.7688661818858493,0.5688422706803202,0.34125777728323475,"0.90 (0.46, 1.77)",0.4635383386394028,1.7662210614031162,W1,Diabetes
factor(state)17,Conditional,0.0011006473522271226,0.11568222885770314,-0.27579927601365467,8957,0.11689294094515298,0.01035744397959762,1002.6516508058376,83895.24051279348,8015.531385078901,-0.9459129798114811,0.39431442778417186,0.34189609670944326,"0.76 (0.39, 1.48)",0.3883248762395549,1.48336688711946,W1,Diabetes
factor(state)18,Conditional,2.774320727689674e-4,0.02898677774463614,-0.12233680785892398,8957,0.029291953024682002,0.01041839988575419,991.9481769191431,82916.40494365591,8006.055449369941,-0.4577874249488254,0.21311380923097745,0.17114892060624282,"0.88 (0.63, 1.24)",0.6326819543123271,1.2375254850531239,W1,Diabetes
factor(state)19,Conditional,0.0011645881988238671,0.02779679803356352,-0.18683936854857297,8957,0.029077845052269777,0.04405577567400433,90.43153807656009,4636.996896409291,3007.765909187771,-0.5211441400856067,0.14746540298846067,0.17052227142596293,"0.83 (0.59, 1.16)",0.593840722161685,1.158893189895109,W1,Diabetes
factor(state)2,Conditional,7.063637657387463e-4,0.09052048006617375,-0.6597786337581685,8957,0.09129748020848637,0.008510641701592072,1440.201429978999,124256.15061069891,8286.66024948726,-1.2519967889262642,-0.06756047859007297,0.3021547289196156,"0.52 (0.29, 0.93)",0.2859332780456132,0.9346711913108061,W1,Diabetes
factor(state)20,Conditional,2.8285747323959174e-4,0.03912020192141963,-0.1996265922860344,8957,0.03943134514198318,0.007890758467488136,1658.049901348494,144545.6443300094,8369.892681640007,-0.5888263165881611,0.18957313201609216,0.19857327398716873,"0.82 (0.55, 1.21)",0.5549782714247399,1.2087335178762624,W1,Diabetes
factor(state)21,Conditional,3.5904065907567243e-4,0.031180270532799117,-0.2979830416995024,8957,0.031575215257782355,0.012508061204298444,712.0642727531699,57525.77974545614,7664.748729050807,-0.646264527727064,0.05029844432805919,0.17769416213759628,"0.74 (0.52, 1.05)",0.5239995110736603,1.0515848890944894,W1,Diabetes
factor(state)22,Conditional,2.6915795306692764e-4,0.03794223243062828,-0.6042614300865796,8957,0.0382383061790019,0.007742857306169218,1717.7200734620853,150120.49856241303,8389.110207949898,-0.9875279786387025,-0.22099488153445684,0.19554617403314722,"0.55 (0.37, 0.80)",0.37249637280778297,0.8017207838599008,W1,Diabetes
factor(state)23,Conditional,4.521686608189706e-4,0.02678345218672739,-0.8514004135897955,8957,0.027280837713628256,0.018232047421784144,366.89650014140403,27075.19703937257,6636.695595167937,-1.1751404096560356,-0.5276604175235553,0.16516911852288932,"0.43 (0.31, 0.59)",0.3087756215653254,0.589983671715649,W1,Diabetes
factor(state)24,Conditional,0.001139898048203965,0.03743515404824946,-1.1082821719457672,8957,0.03868904190127382,0.032409379798652445,142.95979285880293,8568.42636674248,4308.165587383624,-1.4938523451622012,-0.7227119987293331,0.19669530218404765,"0.33 (0.22, 0.49)",0.22450611246335775,0.48543397285934575,W1,Diabetes
factor(state)25,Conditional,4.964731052618609e-5,0.413427943037665,-2.6807274460978694,8957,0.4134825550792438,1.320782241183992e-4,5171445.469761502,515917272.1084924,8953.662516966238,-3.9410354306259,-1.4204194615698387,0.6430260920672223,"0.07 (0.02, 0.24)",0.019428087889998367,0.24161264841763386,W1,Diabetes
factor(state)27,Conditional,5.258712957013534e-4,0.03163263149537557,-0.6261288731286121,8957,0.03221108992064706,0.01795836237446599,376.5660333791874,27906.736255386804,6686.943042034816,-0.9779076525155905,-0.2743500937416337,0.17947448264487922,"0.53 (0.38, 0.76)",0.3760972021988417,0.7600659343496219,W1,Diabetes
factor(state)28,Conditional,2.9035850686365896e-4,0.03224955239771365,-0.2865846414354791,8957,0.03256894675526367,0.009806714351252563,1108.309700181544,93582.67576754653,8099.714304159406,-0.6403013418753094,0.06713205900435121,0.18046868635656346,"0.75 (0.53, 1.07)",0.5271335526936484,1.069436697595248,W1,Diabetes
factor(state)29,Conditional,3.4135705373421893e-4,0.033424988928228254,-0.6433938854725628,8957,0.0338004816873359,0.011109094911162984,882.3810991633258,72926.46377859778,7896.625213366446,-1.003737428020952,-0.28305034292417375,0.1838490731206875,"0.53 (0.37, 0.75)",0.3665070843795056,0.7534818544250216,W1,Diabetes
factor(state)3,Conditional,0.001692376216233139,0.037241107823415484,-0.7355099828646933,8957,0.03910272166127194,0.04760829320226653,81.02561837869136,3970.7933472674276,2709.3630424546063,-1.1231994338911948,-0.3478205318381918,0.19774408122943135,"0.48 (0.33, 0.71)",0.32523755217208605,0.7062256098537399,W1,Diabetes
factor(state)30,Conditional,3.7768325235139984e-4,0.10001590025298628,-0.3135478585021974,8957,0.10043135183057282,0.004136672164757918,5658.358785872906,525944.9644815158,8769.264551838009,-0.9346796304132601,0.3075839134088653,0.3169090592434568,"0.73 (0.39, 1.36)",0.39271165825202364,1.36013493727253,W1,Diabetes
factor(state)31,Conditional,1.3883889972937186e-4,0.2282385426404943,0.14320394796506922,8957,0.2283912654301966,6.686892750238989e-4,203706.77459034865,20127683.469822634,8945.035485307306,-0.7934687519011719,1.0798766478313104,0.4779029874673275,"1.15 (0.45, 2.94)",0.45227324751630343,2.944316340858648,W1,Diabetes
factor(state)32,Conditional,2.8659531607068195e-4,0.03470899474090331,-0.10851665591458218,8957,0.03502424958858106,0.009001045029685165,1298.1222258578555,111085.31240249793,8217.8849597474,-0.47532334138333876,0.25829002955417446,0.18714766786840026,"0.90 (0.62, 1.29)",0.621684007796014,1.2947142695780587,W1,Diabetes
factor(state)33,Conditional,1.0000145072621656e-4,0.029108514511749957,0.031813895032428506,8957,0.029218516107548796,0.003764790634607847,6787.4045679590045,634981.1755072639,8797.682281829675,-0.30321170746330856,0.3668394975281655,0.17093424498194854,"1.03 (0.74, 1.44)",0.7384427459802442,1.4431662687720428,W1,Diabetes
factor(state)34,Conditional,1.9477985736489752e-4,0.15243829154467461,-0.6645829906910736,8957,0.152652549387776,0.0014035654429662898,46846.86644260455,4568537.304716025,8924.962064699715,-1.430356320774667,0.10119033939251953,0.39070775445053046,"0.51 (0.24, 1.11)",0.23922366669325984,1.1064872298283417,W1,Diabetes
factor(state)35,Conditional,1.8513211771619016e-4,0.19908884302188307,-0.41158069919408835,8957,0.19929248835137087,0.001021841471158531,87786.35055562275,8619368.743687145,8936.57500721801,-1.2865516143021978,0.4633902159140211,0.4464218726175621,"0.66 (0.28, 1.59)",0.2762216614766268,1.5894534514513565,W1,Diabetes
factor(state)36,Conditional,1.8075633118129784e-4,0.03521174801914819,-0.4404588682638727,8957,0.03541057998344762,0.005615043989462189,3150.3409831886306,285454.03316175524,8635.339165398262,-0.8092805574148287,-0.07163717911291662,0.18817699111062336,"0.64 (0.45, 0.93)",0.44517823121649447,0.9308685731107669,W1,Diabetes
factor(state)37,Conditional,9.032814911678575e-5,0.09822444268145906,0.7545358153633952,8957,0.09832380364548753,0.0010105484159941202,89741.29067826954,8813091.07378372,8936.879602013594,0.1399571413561288,1.3691144893706615,0.31356626675311794,"2.13 (1.15, 3.93)",1.1502245007385605,3.931867443055588,W1,Diabetes
factor(state)4,Conditional,8.266472748162547e-5,0.1847849615224457,0.10691858728269031,8957,0.1848758927226755,4.918499588596446e-4,375330.35068468336,37202937.33094604,8948.443261048273,-0.7358110105387206,0.9496481851041011,0.4299719673684268,"1.11 (0.48, 2.58)",0.4791167326461727,2.5848001281439177,W1,Diabetes
factor(state)5,Conditional,0.005387182204026499,0.0819893655301104,-0.7549365796361642,8957,0.08791526595453955,0.06740468063297898,51.132932269447316,1980.8993012009669,1601.1227310813044,-1.33643116901509,-0.1734419902572385,0.29650508588309166,"0.47 (0.26, 0.84)",0.26278182100690034,0.840765922362144,W1,Diabetes
factor(state)6,Conditional,7.541066600238235e-4,0.03316104634555076,-0.5119072509160612,8957,0.03399056367157697,0.024404341570829886,224.7868900685342,15111.525894367076,5535.949238686763,-0.8732855427211502,-0.15052895911097208,0.18436529953214345,"0.60 (0.42, 0.86)",0.4175773248072527,0.860252817489887,W1,Diabetes
factor(state)7,Conditional,0.0019677554295775123,0.058406305364315916,-1.0818760842384318,8957,0.06057083633685118,0.03573553055298276,123.09916223491355,7047.612883841392,3880.482338500571,-1.5643284813135199,-0.5994236871633439,0.24611143073179512,"0.34 (0.21, 0.55)",0.2092284668345989,0.5491280144425087,W1,Diabetes
factor(state)8,Conditional,7.692198282091382e-4,0.032942521968467434,-0.9066076018558613,8957,0.033788663779497484,0.025042180316804354,215.4961625317671,14351.530975834012,5428.389452104603,-1.266912551522999,-0.5463026521887235,0.18381693006765587,"0.40 (0.28, 0.58)",0.2817000148108881,0.5790869429256651,W1,Diabetes
factor(state)9,Conditional,4.7729886281061856e-5,0.022384068341875858,-0.4039905868388154,8957,0.022436571216785026,0.0023400578636494206,17135.322613475008,1643574.2040166892,8885.744832874088,-0.6975707144875304,-0.11041045919010045,0.14978842150441746,"0.67 (0.50, 0.90)",0.4977931177440983,0.8954665073961766,W1,Diabetes
h_dm,Conditional,6.745490435852312e-4,0.006993726338666364,0.8496672805675332,8957,0.007735730286610118,0.0959190561785872,33.9613543271237,978.2113914000806,872.7595023675835,0.6770690119098979,1.0222655492251684,0.08795300044120222,"2.34 (1.97, 2.78)",1.968100790315597,2.7794846955975396,W1,Diabetes
hh_children,Conditional,1.0543475136242717e-5,6.754361919915899e-4,-0.04528379681081086,8957,6.870340146414569e-4,0.016881002108635853,419.0805442071234,31582.46773957418,6884.679315639693,-0.09665903576157824,0.006091442139956507,0.026211333705888698,"0.96 (0.91, 1.01)",0.9078655030364186,1.0061100327022376,W1,Diabetes
hh_high,Conditional,3.123332515149517e-4,0.01615234622823257,0.6070388655142878,8957,0.016495912804899017,0.020827375891827773,292.55088544624584,20747.86430546033,6163.615626248495,0.35529343097867816,0.8587843000498974,0.1284364154159521,"1.83 (1.43, 2.36)",1.426599201270961,2.3602895449496843,W1,Diabetes
hh_highest,Conditional,3.633471173459179e-4,0.021139638456217514,0.6170907838214397,8957,0.021539320285298022,0.018555916518559708,355.9769022730013,26138.321137852723,6577.27014410094,0.3294276555080294,0.90475391213485,0.1467628027985907,"1.85 (1.39, 2.47)",1.3901722432989188,2.4713236854507468,W1,Diabetes
hh_low,Conditional,3.6888100530909083e-4,0.013973781811430528,0.44704806404541175,8957,0.014379550917270528,0.02821848249465509,177.72436004142565,11302.51779457248,4916.711966638053,0.21199427159493303,0.6821018564958905,0.11991476521792689,"1.56 (1.24, 1.98)",1.2361408039429769,1.9780309031196457,W1,Diabetes
hh_medium,Conditional,1.5109709152994177e-4,0.014335237577046626,0.38302301626257107,8957,0.014501444377729562,0.011461396282579014,833.755307399557,68512.12721651806,7839.439908389433,0.14699617510611646,0.6190498574190256,0.12042194309065753,"1.47 (1.16, 1.86)",1.1583495324573403,1.8571626339862202,W1,Diabetes
nmembers,Conditional,1.6711522833017917e-6,1.1683686317630725e-4,0.010237738762016077,8957,1.1867513068793921e-4,0.015489913522537131,486.9719914862882,37509.78052903502,7138.465515228657,-0.011114428575266478,0.03158990609929863,0.010893811577585653,"1.01 (0.99, 1.03)",0.9889471084918964,1.0320941629848102,W1,Diabetes
rural,Conditional,1.550717763248747e-4,0.007115542091882295,-0.18323731229276932,8957,0.007286121045839657,0.02341149054266152,240.6910350091904,16420.424478141907,5706.256623901178,-0.35054977641533586,-0.015924848170202816,0.08535877837597992,"0.83 (0.70, 0.98)",0.7043007753047387,0.9842012818032863,W1,Diabetes
w_age,Conditional,8.562771620854321e-7,2.6013645802054215e-5,0.06436604849779473,8957,2.695555068034819e-5,0.034942891334832436,127.36109334959728,7370.973233694629,3978.0398758879537,0.05418849215978492,0.07454360483580454,0.005191873523146359,"1.07 (1.06, 1.08)",1.0556835714788497,1.0773923220133013,W1,Diabetes
w_alcohol,Conditional,6.458234026814932e-4,0.15522596967654745,-0.2169235553454117,8957,0.1559363754194971,0.004555741026033999,4699.236522188506,433635.12434528547,8734.646546309812,-0.9908915836447314,0.5570444729539079,0.3948878010517634,"0.80 (0.37, 1.75)",0.3712455469648159,1.7455059790301508,W1,Diabetes
w_bmi,Conditional,2.7931322154495683e-6,1.1528730550989451e-5,0.022375867810918063,8957,1.4601175987983976e-5,0.21042451919783664,17.0213127695858,203.25901769163116,197.57923339912256,0.014841694832379373,0.029910040789456752,0.003821148516870808,"1.02 (1.01, 1.03)",1.0149523796908337,1.0303618392465754,W1,Diabetes
w_education_2,Conditional,1.9696862032605317e-4,0.010139262253060485,0.038243955029871796,8957,0.010355927735419143,0.020921880481805936,290.329403547849,20560.850523979367,6146.590139859832,-0.16122171637393665,0.2377096264336802,0.10176407880691075,"1.04 (0.85, 1.27)",0.8511033466384098,1.2683408466935455,W1,Diabetes
w_education_3,Conditional,1.0055803597620957e-4,0.00838989595796917,0.1189286557730516,8957,0.008500509797543002,0.013012612444232756,663.297145645452,53151.25442006828,7578.28649582789,-0.06178062901282454,0.29963794055892773,0.09219820929683506,"1.13 (0.94, 1.35)",0.9400890924447356,1.349370166914426,W1,Diabetes
w_education_4,Conditional,2.226729459020864e-4,0.01620636272594875,-0.06267944282689482,8957,0.016451302966441046,0.014888804916665128,522.0935893131243,40599.700550284644,7247.010826442754,-0.3140770783310294,0.18871819267723977,0.1282626327752594,"0.94 (0.73, 1.21)",0.7304627231419254,1.2077005656603002,W1,Diabetes
w_tobacco_any,Conditional,6.263989793333188e-4,0.024224069996540934,-0.02029864084328306,8957,0.024913108873807585,0.02765768338093975,183.51837631142848,11765.514088577382,5004.003691510981,-0.32968896949159443,0.28909168780502825,0.15783886997127033,"0.98 (0.72, 1.34)",0.7191473754241787,1.3352141457706068,W1,Diabetes
(Intercept),Conditional,0.005387747735374165,0.06218961034829159,-6.713052435122238,8957,0.06811613285720317,0.08700615053023907,37.79829871313132,1188.8925368519683,1037.9579149156884,-7.225106052490683,-6.200998817753793,0.26099067580510066,"0.00 (0.00, 0.00)",7.280753207937618e-4,0.0020274046169266044,H2,Diabetes
factor(state)10,Conditional,8.528051389177724e-4,0.033416234078097413,0.4243641876658861,8957,0.03435431973090696,0.02730619206427185,187.32080441065216,12070.360140164485,5059.400184279024,0.06105003238887752,0.7876783429428945,0.18534918324855645,"1.53 (1.06, 2.20)",1.0629520948893751,2.1982868290546187,H2,Diabetes
factor(state)11,Conditional,0.0020678401455385595,0.1608380004424777,0.11164059488302318,8957,0.16311262460257012,0.013945114093005497,586.2650647623421,46280.53447302521,7415.313083422677,-0.67995476006956,0.9032359498356062,0.4038720398871035,"1.12 (0.51, 2.47)",0.5066399122015259,2.4675751550507,H2,Diabetes
factor(state)12,Conditional,6.344316758047347e-4,0.038973714011533905,0.3986702240663051,8957,0.039671588854919115,0.017591300563669626,390.21593483284056,29083.49609940045,6754.34719093226,0.008273681713899916,0.7890667664187101,0.19917727996666465,"1.49 (1.01, 2.20)",1.0083080032081932,2.201341101916077,H2,Diabetes
factor(state)13,Conditional,5.178631326813473e-4,0.09146214214691199,-0.21224947333077487,8957,0.09203179159286147,0.006189702885167645,2618.1225696237407,234910.75676237245,8574.719438525704,-0.8068417544608291,0.38234280779927937,0.3033674201242801,"0.81 (0.45, 1.47)",0.44626525818535173,1.465714457366982,H2,Diabetes
factor(state)14,Conditional,8.618392898993031e-4,0.05739476458399587,0.23305392028259214,8957,0.058342787802885106,0.0162491929952369,447.8495160549973,34086.22572142126,7000.285137206942,-0.24037752594980827,0.7064853665149926,0.24154251758828113,"1.26 (0.79, 2.03)",0.7863309446865043,2.026855072745758,H2,Diabetes
factor(state)15,Conditional,6.355190648923843e-4,0.10116889821080159,-0.09960470368380829,8957,0.10186796918218322,0.006862519955918497,2154.4190511150036,191106.41638132406,8498.070852719398,-0.7251657044236217,0.5259562970560051,0.319167619257003,"0.91 (0.48, 1.69)",0.484244320880732,1.6920762024112874,H2,Diabetes
factor(state)16,Conditional,6.650122893052865e-4,0.06187389670696117,0.6879182358997971,8957,0.06260541022519699,0.01168450962312201,805.1416712954201,65920.65717360644,7802.781225960756,0.1975052089128304,1.1783312628867637,0.2502107316347502,"1.99 (1.22, 3.25)",1.21835941128108,3.248948036558699,H2,Diabetes
factor(state)17,Conditional,0.008975218697198936,0.08579926345648789,-0.3982792274976575,8957,0.09567200402340673,0.1031936214538101,31.440203214794774,845.1558500352621,764.6822382792606,-1.005382982149857,0.20882452715454186,0.3093089135854425,"0.67 (0.37, 1.23)",0.36590447308426605,1.2322287568723165,H2,Diabetes
factor(state)18,Conditional,6.577591242092223e-4,0.03231704764903007,0.2589053007231271,8957,0.033040582685660215,0.021898373993996256,268.94843132289117,18768.033594265216,5971.87253153941,-0.09738167661288927,0.6151922780591434,0.18177068709134653,"1.30 (0.91, 1.85)",0.9072096793274698,1.8500122821332539,H2,Diabetes
factor(state)19,Conditional,4.142419166928837e-4,0.03268551483848431,0.4749231105669231,8957,0.03314118094684648,0.013749241739242565,601.2002444639925,47608.55650581272,7449.8521182187515,0.11810809488584656,0.8317381262479995,0.18204719428446703,"1.61 (1.13, 2.30)",1.1253657510753068,2.297308283922545,H2,Diabetes
factor(state)2,Conditional,0.006020201103965989,0.056982148658502325,-0.3493156230861731,8957,0.06360436987286491,0.10411582140660086,31.15209803000302,830.2503166188277,752.3870090028511,-0.8443383544721008,0.14570710829975453,0.252199067946067,"0.71 (0.43, 1.16)",0.4298416669612102,1.1568573045222694,H2,Diabetes
factor(state)20,Conditional,0.0011381977090489611,0.03495219387862315,0.46184858594921424,8957,0.03620421135857701,0.03458209509257123,129.39083885025337,7525.578809021415,4023.340365945614,0.08885832575238795,0.8348388461460405,0.19027404278717844,"1.59 (1.09, 2.30)",1.0929258059161826,2.3044426485475245,H2,Diabetes
factor(state)21,Conditional,5.813851832756757e-4,0.030701456198699694,0.5304152414854499,8957,0.031340979900302934,0.020405351193153405,302.8305024558933,21614.956305644988,6239.8667835253145,0.18341586361159623,0.8774146193593036,0.1770338382917315,"1.70 (1.20, 2.40)",1.2013138869477764,2.4046746635097374,H2,Diabetes
factor(state)22,Conditional,0.0011261138937160998,0.03506935315942581,0.21710192425615935,8957,0.03630807844251352,0.03411707080695499,132.09484078939008,7732.1280164667505,4082.559836698444,-0.15642138781511924,0.5906252363274379,0.1905467880666413,"1.24 (0.86, 1.81)",0.8551987441022493,1.8051166871709354,H2,Diabetes
factor(state)23,Conditional,0.0015534458924792642,0.033290604346689685,-0.01525885741146159,8957,0.03499939482841687,0.04882342937940691,78.22678823492087,3775.599736070804,2616.020697857915,-0.3820489566708867,0.3515312418479634,0.18708125194261682,"0.98 (0.68, 1.42)",0.6824616413375622,1.4212421487031965,H2,Diabetes
factor(state)24,Conditional,4.6019298752336034e-4,0.03680611514950303,-0.20263264925460742,8957,0.037312327435778725,0.013566891187556699,615.66790574886,48896.95624811084,7481.867804895022,-0.5812364865284053,0.1759711880191904,0.19316399104330684,"0.82 (0.56, 1.19)",0.5592064876155193,1.1924037026431418,H2,Diabetes
factor(state)25,Conditional,0.001658164185653757,0.12823447581035113,0.5450535205532074,8957,0.13005845641457026,0.01402431379321518,580.3965637832865,45759.28906092205,7401.305467535234,-0.16179910617735305,1.2519061472837678,0.36063618289707183,"1.72 (0.85, 3.50)",0.8506120700870914,3.4970024101420747,H2,Diabetes
factor(state)27,Conditional,0.0012658330481712728,0.03530351883567074,0.14640250266075555,8957,0.03669593518865914,0.03794470275331001,112.49236791704294,6250.8661485025,3622.510274794548,-0.22912450100945947,0.5219295063309706,0.1915618312416624,"1.16 (0.80, 1.69)",0.7952295204635603,1.685276265802636,H2,Diabetes
factor(state)28,Conditional,2.0136118510634608e-4,0.03760429479010455,0.5960156989644659,8957,0.03782579209372153,0.005855721489405259,2908.6546678953664,262471.2166076237,8610.509326377492,0.21482340781335885,0.977207990115573,0.19448853974905958,"1.81 (1.24, 2.66)",1.2396429663738284,2.6570274292503715,H2,Diabetes
factor(state)29,Conditional,0.0011491593491651177,0.033226695136309145,0.22008449348926487,8957,0.034490770420390775,0.036649667974198524,118.49657120834085,6700.426080431521,3771.2788869478727,-0.14397972451036142,0.5841487114888911,0.1857169093550471,"1.25 (0.87, 1.79)",0.8659053045352514,1.7934635806596781,H2,Diabetes
factor(state)3,Conditional,5.725119554976416e-4,0.04081561548612435,-0.13877996137923795,8957,0.04144537863717176,0.015195015023522558,503.7024826027837,38979.85702445419,7191.827024376501,-0.5378045259256373,0.26024460316716147,0.20358138087057903,"0.87 (0.58, 1.30)",0.5840290665366293,1.2972473586738444,H2,Diabetes
factor(state)30,Conditional,0.005504384115280918,0.09619015773464848,0.27671715799907726,8957,0.1022449802614575,0.059218775448201144,60.31014844684351,2566.3959674973016,1967.148141682789,-0.3502921059959644,0.9037264219941189,0.3197576899176273,"1.32 (0.70, 2.47)",0.7044822761635721,2.4687857288153854,H2,Diabetes
factor(state)31,Conditional,0.008772994430905363,0.40125087429128103,-0.36168788572641797,8957,0.41090116816527694,0.02348568128215751,239.4366474806853,16316.844835853586,5693.414721983018,-1.6181488359006,0.8947730644477637,0.6410157316051431,"0.70 (0.20, 2.45)",0.19826538134047864,2.4467804649772393,H2,Diabetes
factor(state)32,Conditional,3.011168086273418e-4,0.035016698852996575,0.4405785807302187,8957,0.03534792734248665,0.009370520830848094,1205.1517906399768,102497.91911299365,8164.462005713913,0.07208052879113752,0.8090766326693,0.1880104447696634,"1.55 (1.07, 2.25)",1.0747418882441628,2.245833299875569,H2,Diabetes
factor(state)33,Conditional,3.739085770570177e-4,0.029772913496833902,0.5734444047753223,8957,0.03018421293159662,0.013626309743268943,610.8921365697454,48471.44824269765,7471.450730001864,0.23291951288652551,0.9139692966641191,0.17373604384697097,"1.77 (1.26, 2.49)",1.2622798779747413,2.494203143092078,H2,Diabetes
factor(state)34,Conditional,4.1838348182428423e-4,0.06509198338110275,0.5581389827873545,8957,0.06555220521110947,0.00702069180624173,2063.9604690820534,182592.3977894426,8479.198926874898,0.05632284571756707,1.059955119857142,0.2560316488466015,"1.75 (1.06, 2.89)",1.0579391797420097,2.8862414514324786,H2,Diabetes
factor(state)35,Conditional,0.0013591766563655423,0.12524244943155963,0.03147025268717978,8957,0.12673754375356172,0.01179677527054867,791.3350764850759,64671.94122381332,7784.210982879109,-0.6662942343513478,0.7292347397257073,0.3560021681866021,"1.03 (0.51, 2.07)",0.5136083677703521,2.073493238371915,H2,Diabetes
factor(state)36,Conditional,3.412619302320636e-4,0.03169080905977409,0.5657112950921477,8957,0.03206619718302936,0.011706661725823216,802.3868918192929,65671.41454872185,7799.1234631626185,0.2147333517085004,0.916689238475795,0.17907036936084472,"1.76 (1.24, 2.50)",1.2395313339835263,2.500996465039861,H2,Diabetes
factor(state)37,Conditional,4.559787339048052e-4,0.11153352844049172,1.1859357805092618,8957,0.112035105047787,0.004476959316290598,4859.451594855351,449030.8853843117,8741.36142060617,0.5299018159195164,1.8419697450990071,0.33471645470126954,"3.27 (1.70, 6.31)",1.6987655087007072,6.308953059387128,H2,Diabetes
factor(state)4,Conditional,0.007700084995956932,0.2956804097826311,-0.1528997638529375,8957,0.3041505032781837,0.027848362584511867,181.51165633304856,11604.947493158337,4974.171869297058,-1.2339295457924506,0.9281300180865755,0.5514984163877388,"0.86 (0.29, 2.53)",0.2911462543521383,2.5297741199122434,H2,Diabetes
factor(state)5,Conditional,0.0024945178751160893,0.061504030460075944,0.09513298380585203,8957,0.06424800012270364,0.042709028411579274,94.56154224203858,4934.045225356238,3131.6059298860764,-0.40178469371837544,0.5920506613300794,0.25347189217485955,"1.10 (0.67, 1.81)",0.6691247969541942,1.8076915803520939,H2,Diabetes
factor(state)6,Conditional,0.0021172336607132424,0.03510312507469082,0.037142131201953865,8957,0.03743208210147539,0.06221820684382317,56.576568597722996,2324.9174044285637,1820.826669679379,-0.34225691637953126,0.41654117878343894,0.19347372457642767,"1.04 (0.71, 1.52)",0.7101657280618403,1.5167064561631054,H2,Diabetes
factor(state)7,Conditional,4.933517303367295e-4,0.04326832430460269,0.5847004706525082,8957,0.04381101120797309,0.012386997889508651,724.6295103738863,58655.721635476104,7685.291393980767,0.1744503745528272,0.9949505667521892,0.20931080050483084,"1.79 (1.19, 2.70)",1.1905916572755717,2.7045906412754697,H2,Diabetes
factor(state)8,Conditional,4.5042471904597716e-4,0.03658644593246337,-0.1668716140604861,8957,0.03708191312341395,0.013361424727510384,632.6580877043457,50412.35323490684,7517.772374734993,-0.5443043665882032,0.21056113846723104,0.1925666459265829,"0.85 (0.58, 1.23)",0.5802452809848438,1.234370518436739,H2,Diabetes
factor(state)9,Conditional,5.436825487469788e-4,0.028444007155889614,0.11889981880931973,8957,0.02904205795951129,0.020592576616142135,298.19614057582174,21223.70147933729,6205.995768991328,-0.21513101139832197,0.4529306490169614,0.17041730534048263,"1.13 (0.81, 1.57)",0.8064357809768755,1.5729150995231855,H2,Diabetes
h_age,Conditional,3.8544207706193675e-7,1.0776714005159303e-5,0.0696213047059524,8957,1.1200700289927434e-5,0.03785355145601145,112.89657828769231,6281.006547217598,3632.757409469085,0.06306054129871913,0.07618206811318567,0.00334674473032041,"1.07 (1.07, 1.08)",1.0650913192911569,1.0791590367216002,H2,Diabetes
h_alcohol,Conditional,1.1781964174510175e-4,0.0029698132921480644,0.05838822824971139,8957,0.003099414898067676,0.04181486189551834,97.505407047114,5147.32008896992,3217.311521099319,-0.050753313087974,0.16752976958739677,0.05567238900988242,"1.06 (0.95, 1.18)",0.9505131207599371,1.1823804886402902,H2,Diabetes
h_bmi,Conditional,3.1038154201932614e-6,5.196410139255874e-6,0.008970544882418961,8957,8.610607101468461e-6,0.3965105969857024,11.948084995267848,57.24438741595119,56.64438293854705,0.0030950867036890484,0.014846003061148874,0.002934383598214191,"1.01 (1.00, 1.01)",1.0030998814299625,1.0149567523472947,H2,Diabetes
h_education_2,Conditional,2.0970001218556362e-4,0.008666197852790486,0.19714962161435873,8957,0.008896867866194607,0.02592710343384956,203.6586736418944,13388.579721363203,5281.718947363827,0.012262813669813799,0.38203642955890366,0.09432320958382728,"1.22 (1.01, 1.47)",1.012338310253929,1.4652654631351842,H2,Diabetes
h_education_3,Conditional,1.1327847798130046e-4,0.006735310342925377,0.3286339114738507,8957,0.006859916668704807,0.018164408082081984,369.2475387763885,27277.213880742245,6649.112049782239,0.16629344769866963,0.49097437524903176,0.08282461390616203,"1.39 (1.18, 1.63)",1.1809195890185513,1.6339074835967535,H2,Diabetes
h_education_4,Conditional,4.4289734129727667e-4,0.01055978116374444,0.35839765962709996,8957,0.011046968239171446,0.044101428091328054,90.29752150898773,4627.401717336392,3003.6755555444834,0.15234261367865462,0.5644527055755453,0.1051045586031902,"1.43 (1.16, 1.76)",1.1645591619880336,1.7584851102168888,H2,Diabetes
h_tobacco_any,Conditional,1.6056302231466524e-4,0.002700698307851084,-0.03140712075475871,8957,0.002877317632397216,0.06138332541304544,57.56743616457229,2388.5904114148207,1860.0175714743457,-0.13659413250414595,0.07377989099462852,0.053640634153570704,"0.97 (0.87, 1.08)",0.8723242023331069,1.0765698167039253,H2,Diabetes
hh_children,Conditional,2.694336996316337e-5,3.906481209631934e-4,-0.018942553205441866,8957,4.2028582792267313e-4,0.07051797845758587,48.36137416264084,1809.8509150998834,1486.6057770526181,-0.05915041686808016,0.02126531045719643,0.020500873833148508,"0.98 (0.94, 1.02)",0.9425649808213112,1.0214930284718522,H2,Diabetes
hh_high,Conditional,4.4332677069030456e-4,0.008778666318185791,0.5629562461249975,8957,0.009266325765945126,0.052627056297928014,70.56822963640083,3249.558447325533,2349.586172789455,0.37421637069036195,0.751696121559633,0.09626175650768651,"1.76 (1.45, 2.12)",1.4538516873206155,2.120593752827785,H2,Diabetes
hh_highest,Conditional,9.200810906918597e-4,0.010821196978894922,0.6866809429813803,8957,0.011833286178655967,0.08552900559327127,38.53407421460147,1230.31314459713,1069.6160523392348,0.47326432629702675,0.9000975596657338,0.10878090907257564,"1.99 (1.61, 2.46)",1.6052256302506698,2.4598430809198066,H2,Diabetes
hh_low,Conditional,2.59307229478354e-4,0.008393914759995073,0.12595770225302128,8957,0.008679152712421262,0.03286472330622413,139.90936201358593,8332.638653634542,4246.750624279281,-0.05666293094130051,0.30857833544734303,0.09316197031203914,"1.13 (0.94, 1.36)",0.944912516466655,1.3614881581542775,H2,Diabetes
hh_medium,Conditional,7.196047798285401e-4,0.008272583335838751,0.4098860245829196,8957,0.009064148593650146,0.0873292455030936,37.64160300054959,1180.1116383295898,1031.2127035124581,0.22309446510255576,0.5966775840632834,0.0952058222676016,"1.51 (1.25, 1.82)",1.249938643741318,1.8160750094027533,H2,Diabetes
nmembers,Conditional,2.7853362972631364e-6,5.3654336269819185e-5,-0.005366539870639917,8957,5.671820619680863e-5,0.05401916126116565,68.12166422384355,3084.2305592971607,2261.030637081915,-0.02013311569947061,0.00940003595819077,0.007531149062182253,"0.99 (0.98, 1.01)",0.9800682021588096,1.0094443550543832,H2,Diabetes
rural,Conditional,1.3158703980585188e-4,0.0037293444584152718,-2.32942328357195e-4,8957,0.0038740902022017087,0.037362512546604026,115.12085242151097,6447.188404433617,3688.5395854487692,-0.12224829934369909,0.1217824146869847,0.062242189889187775,"1.00 (0.88, 1.13)",0.8849286140272267,1.1295083106216952,H2,Diabetes
w_dm,Conditional,4.7530128806406525e-4,0.00569550657845625,0.7605760989381892,8957,0.006218337995326722,0.0840789640677937,39.28875679295489,1273.1154985994262,1102.0557894258216,0.6058732429819638,0.9152789548944147,0.07885643914942345,"2.14 (1.83, 2.50)",1.832852035442382,2.4974718367350173,H2,Diabetes
