iv,type,B_D,W_D,theta_D,dfcom,T_D,gamma_D,nu,nu2,nu_improved,L,U,sqrt_T_D,OR,lci,uci,model,outcome
(Intercept),Conditional,1.7328067026269657e-5,0.03243261854933912,-7.3274565556803175,99994,0.032451679423068015,5.873617041633708e-4,263639.6609863806,26087427.49298671,99551.91445880495,-7.6805313377503754,-6.97438177361026,0.18014349675485933,"0.00 	 (0.00, 0.00)",4.617294992789859e-4,9.35544567009146e-4,P1,Diabetes
factor(state)10,Conditional,2.74830877744882e-6,0.013854842142485528,0.1752878048099054,99994,0.013857865282140721,2.1815334423042513e-4,1898551.8300891013,189111857.0958465,99917.36716067554,-0.055438048759863356,0.4060136583796742,0.11771943459828849,"1.19 	 (0.95, 1.50)",0.9460706321038991,1.5008230511290863,P1,Diabetes
factor(state)11,Conditional,2.7817192080261663e-6,0.0951066551931821,0.10470626688120259,99994,0.09510971508431092,3.217222474188166e-5,87002510.64510024,8695214936.146137,99970.89498209795,-0.4997439411972187,0.7091564749596238,0.30839863015958896,"1.11 	 (0.61, 2.03)",0.606685987112835,2.032276259512223,P1,Diabetes
factor(state)12,Conditional,5.024067210858739e-6,0.016562228464036495,0.06409040309828373,99994,0.01656775493796844,3.3356806354490156e-4,813724.285082406,80886041.50405881,99835.26989574636,-0.1881879159271203,0.3163687221236877,0.12871579133101127,"1.07 	 (0.83, 1.37)",0.8284590119610143,1.372136099298957,P1,Diabetes
factor(state)13,Conditional,2.705536302427993e-6,0.05329093108529348,-0.560728838373283,99994,0.053293907175226155,5.584296761889955e-5,28889628.81163083,2886061160.204604,99970.89498209795,-1.0131957984700881,-0.10826187827647793,0.2308547317583639,"0.57 	 (0.36, 0.90)",0.363056867041621,0.8973925580396303,P1,Diabetes
factor(state)14,Conditional,6.321594847160789e-6,0.04650291399001589,-0.32755771745416307,99994,0.04650986774434777,1.4951137616859685e-4,4037030.413950843,402618782.8058888,99952.23028997434,-0.750246424152204,0.09513098924387792,0.21566146559909066,"0.72 	 (0.47, 1.10)",0.472250164554745,1.0998029080425449,P1,Diabetes
factor(state)15,Conditional,3.87002429952445e-6,0.04085977014316272,-0.2454191410426017,99994,0.0408640271698922,1.0417540864923337e-4,8308565.977769304,829300799.2830781,99969.53089582021,-0.6416229750461158,0.1507846929609123,0.20214852749869885,"0.78 	 (0.53, 1.16)",0.5264373356780554,1.1627462836695537,P1,Diabetes
factor(state)16,Conditional,2.3103622130085016e-5,0.03048173296578796,0.2752644209384485,99994,0.030507146950131056,8.330501827862452e-4,131640.0668119276,12968811.60538185,99144.9124105627,-0.06706870719931035,0.6175975490762073,0.17466295242589672,"1.32 	 (0.94, 1.85)",0.935130948901012,1.8544674188143804,P1,Diabetes
factor(state)17,Conditional,3.7115679430721173e-6,0.05564932921251669,-0.17901611462504613,99994,0.055653411937254066,7.335982818056799e-5,16745541.083909523,1672345086.3235075,99970.89498209795,-0.6413907360064006,0.28335850675630836,0.2359097537984686,"0.84 	 (0.53, 1.33)",0.5265596091771539,1.327581023278678,P1,Diabetes
factor(state)18,Conditional,3.558082414128268e-6,0.01320416328136804,0.12301969431206815,99994,0.013208077172023582,2.9632554417771136e-4,1030428.1406840447,102495389.03364466,99864.97291564012,-0.10223191113218215,0.3482712997563184,0.11492639893437705,"1.13 	 (0.90, 1.42)",0.902820153344995,1.416616525328848,P1,Diabetes
factor(state)19,Conditional,2.8812446327800243e-6,0.014316078349419713,0.1989133340484803,99994,0.014319247718515771,2.2133628514295586e-4,1844445.4166393613,183711894.71430865,99915.49753043959,-0.03562195365639495,0.4334486217533555,0.11966305912233638,"1.22 	 (0.97, 1.54)",0.9650050411603872,1.5425680950975689,P1,Diabetes
factor(state)2,Conditional,3.840588683564332e-6,0.03561214800490173,-0.5905621835597618,99994,0.03561637265245365,1.1861532315896087e-4,6410437.550488268,639677266.5863422,99964.51524435346,-0.9604524773019203,-0.22067188981760338,0.18872300509597034,"0.55 	 (0.38, 0.80)",0.3827196748251536,0.8019797748560384,P1,Diabetes
factor(state)20,Conditional,3.259496696111217e-6,0.014233718687302577,0.22769260359193938,99994,0.0142373041336683,2.518346403265696e-4,1425535.4216226202,141909533.90651733,99896.44751030263,-0.006170643798785874,0.4615558509826646,0.11932017488115033,"1.26 	 (0.99, 1.59)",0.9938483555242211,1.5865404863173531,P1,Diabetes
factor(state)21,Conditional,3.411125275646344e-6,0.012913513232795363,0.1804438566528129,99994,0.012917265470598573,2.904823634500332e-4,1072187.6372672182,106660341.66034783,99869.35576148788,-0.042314183622873563,0.4032018969284993,0.11365414849708995,"1.20 	 (0.96, 1.50)",0.9585685667116691,1.4966090219276615,P1,Diabetes
factor(state)22,Conditional,5.43132166556665e-6,0.015912846835215176,-0.07476024573573745,99994,0.0159188212890473,3.75307550957554e-4,643275.2660063594,63895151.60900406,99798.35261091674,-0.3220485365475905,0.1725280450761156,0.1261698113220722,"0.93 	 (0.72, 1.19)",0.7246630168353061,1.1883051462559515,P1,Diabetes
factor(state)23,Conditional,4.797463771089963e-6,0.014703110919101281,-0.30017209042829773,99994,0.01470838812924948,3.5878915499275977e-4,703662.0656053543,69913958.89631249,99813.42057184063,-0.5378728882259387,-0.062471292630656816,0.12127814365849059,"0.74 	 (0.58, 0.94)",0.5839891423308688,0.9394400312783308,P1,Diabetes
factor(state)24,Conditional,3.6307631671290293e-6,0.018065337007930993,-0.5811633191341525,99994,0.018069330847414834,2.2102863230341084e-4,1849573.3866154815,184223672.9451067,99915.67922114502,-0.8446260134191974,-0.31770062484910766,0.13442221113869104,"0.56 	 (0.43, 0.73)",0.42971803694236693,0.7278206472182958,P1,Diabetes
factor(state)25,Conditional,3.25732005907943e-6,0.12369855008774748,-0.11772972191315735,99994,0.12370213313981247,2.896515988885723e-5,107328991.59029494,10727305503.88575,99970.89498209795,-0.8070748100916724,0.5716153662653576,0.3517131404139067,"0.89 	 (0.45, 1.77)",0.4461612656725729,1.7711257586847646,P1,Diabetes
factor(state)27,Conditional,2.8918557802934346e-6,0.01626736955230549,-0.15286656130572138,99994,0.016270550593663814,1.9550914027221432e-4,2362845.8425395386,235455249.49273753,99930.02120743989,-0.40287186272585795,0.09713874011441517,0.12755606843135223,"0.86 	 (0.67, 1.10)",0.6683977405010402,1.1020132564605625,P1,Diabetes
factor(state)28,Conditional,2.45565664866447e-6,0.015498702039787104,0.2274276268853242,99994,0.015501403262100635,1.7425663134221746e-4,2973206.2050191285,296390228.1728779,99940.86501155925,-0.016596967737193075,0.4714522215078414,0.12450463148855401,"1.26 	 (0.98, 1.60)",0.9835400031179953,1.6023194271658976,P1,Diabetes
factor(state)29,Conditional,4.9870310195274345e-6,0.014588987863209711,-0.135296402420985,99994,0.014594473597331192,3.758774912226586e-4,641332.5150973074,63701531.01972944,99797.8220179966,-0.37207493072191183,0.10148212587994179,0.12080758915453611,"0.87 	 (0.69, 1.11)",0.6893025906483574,1.1068101349578967,P1,Diabetes
factor(state)3,Conditional,4.182386416428254e-6,0.01771964603368348,-0.4037167957625457,99994,0.017724246658741553,2.595667475549412e-4,1342057.5626352085,133580910.33973916,99891.29123726017,-0.6646515862778024,-0.142782005247289,0.13313244029439839,"0.67 	 (0.51, 0.87)",0.5144527388786507,0.8669430373307144,P1,Diabetes
factor(state)30,Conditional,2.8107207078480395e-6,0.05068364165215506,0.061851234701025735,99994,0.05068673344493369,6.099806731463139e-5,24215144.728350535,2418857921.984758,99970.89498209795,-0.3794094586301094,0.5031119280321608,0.2251371436367924,"1.06 	 (0.68, 1.65)",0.6842653769338534,1.6538599641147163,P1,Diabetes
factor(state)31,Conditional,3.0845707286051443e-6,0.1221711623029779,-0.16008029507078209,99994,0.12217455533077937,2.777196767591472e-5,116747148.5043056,11668880901.332855,99970.89498209795,-0.84515585538305,0.5249952652414858,0.3495347698452607,"0.85 	 (0.43, 1.69)",0.4294904146010297,1.6904508444836144,P1,Diabetes
factor(state)32,Conditional,2.581201933368164e-6,0.015098097986085695,0.1951410354667238,99994,0.0151009373082124,1.8802290670797374e-4,2554403.9329657615,254578067.14952418,99933.95505535488,-0.0457108471810623,0.4359929181145098,0.12288587106829003,"1.22 	 (0.96, 1.55)",0.9553181551953545,1.5464978425899645,P1,Diabetes
factor(state)33,Conditional,4.918608508604887e-6,0.011827795160093241,0.3464437079878245,99994,0.011833205629452706,4.5722769711689816e-4,434054.6377507334,43050425.530420154,99714.78215314867,0.13323776365608905,0.5596496523195599,0.10878053883601012,"1.41 	 (1.14, 1.75)",1.1425216161558092,1.7500592636756984,P1,Diabetes
factor(state)34,Conditional,3.5187013856989984e-6,0.04399516803378855,0.10983092580893705,99994,0.04399903860531282,8.796945676448332e-5,11648395.311440974,1162997253.8845267,99970.89498209795,-0.30129009688906266,0.5209519485069367,0.20975947798684286,"1.12 	 (0.74, 1.68)",0.7398631096252267,1.683629615782278,P1,Diabetes
factor(state)35,Conditional,4.305846864940439e-6,0.11223062380425797,-0.2604316803755724,99994,0.1122353602358094,4.220088518879538e-5,50574223.38915232,5053582827.878427,99970.89498209795,-0.9170499216529205,0.3961865609017756,0.335015462681664,"0.77 	 (0.40, 1.49)",0.3996964393331518,1.4861465485306193,P1,Diabetes
factor(state)36,Conditional,4.482081832310773e-6,0.014258467032148106,0.24486651326920106,99994,0.014263397322163647,3.4566028725013207e-4,757951.5971066641,75325762.466221,99824.96886406411,0.010789057675676283,0.47894396886272583,0.11942946588745865,"1.28 	 (1.01, 1.61)",1.0108474694387277,1.6143686781114157,P1,Diabetes
factor(state)37,Conditional,3.883334688761683e-6,0.02684498180270815,1.0117528823538078,99994,0.026849253470865787,1.590982096494062e-4,3565781.7130158916,355559203.31350106,99947.98814923226,0.6905982431581194,1.332907521549496,0.16385741811363252,"2.75 	 (1.99, 3.79)",1.994908616761524,3.792052850066574,P1,Diabetes
factor(state)4,Conditional,4.857504102710814e-6,0.12865962102429016,-0.18497216875608963,99994,0.12866496427880314,4.152843427837619e-5,52224702.429092824,5218568572.233654,99970.89498209795,-0.8880092674730597,0.5180649299608804,0.35869898839947,"0.83 	 (0.41, 1.68)",0.41147407277461634,1.678775955531626,P1,Diabetes
factor(state)5,Conditional,4.150056549058093e-6,0.031540332590029675,-0.16220195755838518,99994,0.03154489765223364,1.4471634222089984e-4,4308617.197453036,429741559.46674937,99954.27565022331,-0.5103088750660139,0.18590495994924344,0.1776088332607183,"0.85 	 (0.60, 1.20)",0.6003101293425522,1.2043077974642378,P1,Diabetes
factor(state)6,Conditional,6.808016067446252e-6,0.01630447443552506,-0.1764054777697161,99994,0.016311963253199252,4.5909971460499104e-4,430536.51413321635,42700057.89425004,99712.70075366262,-0.4267287461133266,0.07391779057389442,0.1277182964700017,"0.84 	 (0.65, 1.08)",0.6526405595082261,1.0767182854653539,P1,Diabetes
factor(state)7,Conditional,4.98184233974424e-6,0.01944373547759369,-0.036841568900993604,99994,0.019449215504167408,2.8176080277091136e-4,1139413.0214561536,113365617.37317698,99875.7575309359,-0.3101790197734294,0.23649588197144217,0.13946044422762824,"0.96 	 (0.73, 1.27)",0.7333156664684454,1.266802338881184,P1,Diabetes
factor(state)8,Conditional,3.9701546341647124e-6,0.014348691643103033,-0.45545620523297375,99994,0.014353058813200615,3.0426755400491117e-4,977476.9457432466,97214539.432044,99858.89508454871,-0.6902682274014821,-0.22064418306446543,0.11980425206644635,"0.63 	 (0.50, 0.80)",0.5014415506619718,0.8020019954195103,P1,Diabetes
factor(state)9,Conditional,4.770605314516569e-6,0.01074844063367607,-0.08122539110149149,99994,0.010753688299522038,4.8798753504892514e-4,381268.95562146115,37794190.86939862,99679.61179382341,-0.2844736467375553,0.12202286453457231,0.10369999180097382,"0.92 	 (0.75, 1.13)",0.7524101836657592,1.1297799333773497,P1,Diabetes
hh_children,Conditional,4.752690535489383e-8,2.602300319929867e-4,-0.020229683245636308,99994,2.6028231158887707e-4,2.0085727520723824e-4,2238907.3392544743,223083462.07140902,99927.13490966914,-0.05185030614547017,0.011390939654197553,0.016133267232302236,"0.98 	 (0.95, 1.01)",0.9494709861771138,1.011456063446127,P1,Diabetes
hh_high,Conditional,7.0979271892271705e-07,0.006433030638630504,0.494352409774773,99994,0.006433811410621318,1.2135450372792152e-4,6124615.9248758275,611125931.5730389,99963.51160505452,0.33714165412518915,0.6515631654243569,0.0802110429468494,"1.64 	 (1.40, 1.92)",1.4009374982594298,1.9185374777253927,P1,Diabetes
hh_highest,Conditional,9.759039295518428e-7,0.00802878810111031,0.5556334173797285,99994,0.008029861595432817,1.3368777403555793e-4,5047816.681046444,503569160.38240373,99958.78653238117,0.3800020340707897,0.7312648006886673,0.08960949500712978,"1.74 	 (1.46, 2.08)",1.4622875638276192,2.077706831530518,P1,Diabetes
hh_low,Conditional,8.523214766829826e-7,0.005758201116140935,0.2311609311950782,99994,0.005759138669765286,1.6279407010519006e-4,3405940.2551767156,339598174.2758395,99946.29834799161,0.08242124516518384,0.3799006172249725,0.07588898912072348,"1.26 	 (1.09, 1.46)",1.0859131491606886,1.462139270755053,P1,Diabetes
hh_medium,Conditional,6.609779898145826e-7,0.005933462383251748,0.34066882508475266,99994,0.005934189459040544,1.22523184305881e-4,6008460.793180775,599523151.5773431,99963.07833391364,0.1896855659692272,0.4916520842002781,0.07703369041556132,"1.41 	 (1.21, 1.64)",1.2088694282042887,1.6350151726268851,P1,Diabetes
husband,Conditional,3.8759710324557325e-7,0.0024016275007230034,0.211663358920697,99994,0.0024020538575365733,1.7749677520027834e-4,2865814.0912800045,285667987.4899668,99939.27639455657,0.11560404882006985,0.3077226690213241,0.04901075246858156,"1.24 	 (1.12, 1.36)",1.1225513086111605,1.3603236767228042,P1,Diabetes
nmembers,Conditional,4.649720481964801e-9,4.310037638056892e-5,1.302858099640493e-4,99994,4.3105491073099084e-5,1.1865524328414894e-4,6406129.445619063,639246915.5927169,99964.50073707668,-0.012737813098972125,0.012998384718900224,0.00656547721594547,"1.00 	 (0.99, 1.01)",0.9873429694807221,1.013083230944292,P1,Diabetes
own_age,Conditional,1.8269036300499315e-9,8.085387816018704e-6,0.06654844750753816,99994,8.087397410011758e-6,2.484846349416633e-4,1464143.8282634076,145761702.04655346,99898.64050721553,0.06097463331677985,0.07212226169829647,0.0028438349829080726,"1.07 	 (1.06, 1.07)",1.0628719523091121,1.0747867412835221,P1,Diabetes
own_alcohol,Conditional,2.3496977296686125e-7,0.0029391768436853156,0.033908771308175614,99994,0.002939435310435579,8.793074960552428e-5,11658644.710753672,1164021383.165352,99970.89498209795,-0.0723537325425011,0.1401712751588523,0.054216559374748036,"1.03 	 (0.93, 1.15)",0.9302017949618263,1.150470829057558,P1,Diabetes
own_bmi,Conditional,4.336122042184137e-8,8.615374489811524e-6,0.051245820003405065,99994,8.66307183227555e-6,0.005505823267714581,3270.4403754805694,296891.64487398637,74491.226346626,0.045477015530411204,0.05701462447639893,0.002943309673186896,"1.05 	 (1.05, 1.06)",1.046526950470647,1.0586712927956246,P1,Diabetes
own_education_2,Conditional,2.1718547397514794e-7,0.004770421032216156,0.09779231134946179,99994,0.004770659936237529,5.0077772166900436e-5,35920625.806340046,3588826883.443724,99970.89498209795,-0.037582330681286163,0.2331669533802097,0.06906996406715099,"1.10 	 (0.96, 1.26)",0.9631151205325403,1.26259225577678,P1,Diabetes
own_education_3,Conditional,8.988987269650386e-7,0.0036148549000320587,0.2155801750508903,99994,0.0036158436886317203,2.734599957322028e-4,1209455.7867244093,120352441.26708625,99881.69458018521,0.09772384339523975,0.33343650670654085,0.06013188578975152,"1.24 	 (1.10, 1.40)",1.1026582367040574,1.3957564225559005,P1,Diabetes
own_education_4,Conditional,3.6984617385055585e-6,0.006544629690268544,0.19791209520317324,99994,0.006548697998180901,6.212392010574026e-4,235812.9720792246,23319799.087551005,99503.48927782694,0.039303910355829086,0.3565202800505174,0.08092402608731786,"1.22 	 (1.04, 1.43)",1.0400865286900722,1.4283504972451821,P1,Diabetes
own_tobacco_any,Conditional,1.1156124716757474e-6,0.0026959723691672554,-0.025319086728595327,99994,0.002697199542886099,4.5498069361609155e-4,438334.88064921286,43476700.00071692,99717.27036825707,-0.12710897597153464,0.07647080251434399,0.05193456982479107,"0.97 	 (0.88, 1.08)",0.8806376990190243,1.079470672047577,P1,Diabetes
rural,Conditional,2.646624323224969e-7,0.0024242622771705165,-0.08590327464646705,99994,0.0024245534058460715,1.200751754334545e-4,6255675.416121914,624217657.8063357,99963.98242392296,-0.18241141991540574,0.010604870622471632,0.049239754323575496,"0.92 	 (0.83, 1.01)",0.8332584507634319,1.0106613015674746,P1,Diabetes
spouse_dm,Conditional,5.654021247404895e-7,0.0030012525019304822,0.729241244412573,99994,0.0030018744442676967,2.0718466037184996e-4,2104483.0418851115,209665664.0194639,99923.63837642162,0.621856062959599,0.8366264258655469,0.05478936433531326,"2.07 	 (1.86, 2.31)",1.862381533286714,2.3085657075412374,P1,Diabetes
(Intercept),Conditional,1.6915857005531356e-5,0.032559078880768484,-7.3280131441096525,99993,0.03257768632347457,5.711713999983016e-4,278716.8241103271,27587325.764409494,99573.18851464595,-7.681772739691739,-6.9742535485275665,0.18049289826326842,"0.00 	 (0.00, 0.00)",4.611566630157864e-4,9.356645349799009e-4,P2,Diabetes
factor(state)10,Conditional,2.64023631474389e-6,0.01385602649167007,0.17494546803549818,99993,0.013858930751616289,2.0955873135303547e-4,2057157.90517677,204942008.5460635,99921.30478497497,-0.0557892549908095,0.4056801910618058,0.11772395997254037,"1.19 	 (0.95, 1.50)",0.9457384245430863,1.5003226591284575,P2,Diabetes
factor(state)11,Conditional,2.8045053248406953e-6,0.09506514288140355,0.10481182242451177,99993,0.09506822783726088,3.244991441941713e-5,85520263.75246468,8547033337.240465,99969.89530422042,-0.49950653944829965,0.7091301842973232,0.30833136045050763,"1.11 	 (0.61, 2.03)",0.6068300325248601,2.03222283032573,P2,Diabetes
factor(state)12,Conditional,4.947953201269211e-6,0.016566878450140647,0.06372917038837293,99993,0.016572321198662043,3.2842403041497583e-4,839336.7888632277,83439685.12796965,99838.55711099759,-0.18858391150576503,0.31604225228251087,0.12873352787313042,"1.07 	 (0.83, 1.37)",0.8281310108029798,1.3716882113594764,P2,Diabetes
factor(state)13,Conditional,2.626864344722856e-6,0.05329864112035627,-0.5611538451600482,99993,0.05330153067113546,5.421140336519321e-5,30653840.477289632,3062395017.5608726,99969.89530422042,-1.0136531659495769,-0.10865452437051953,0.23087124262483508,"0.57 	 (0.36, 0.90)",0.3628908546046699,0.8970402695237749,P2,Diabetes
factor(state)14,Conditional,6.134344169388681e-6,0.04649281647997134,-0.32801848024348945,99993,0.04649956425855767,1.4511487782567134e-4,4285014.490155147,427384363.0821159,99953.10820644301,-0.7506603644566119,0.09462340396963298,0.21563757617483478,"0.72 	 (0.47, 1.10)",0.4720547216315148,1.0992448059360387,P2,Diabetes
factor(state)15,Conditional,3.845263727496385e-6,0.04085221747380869,-0.24549159544304971,99993,0.040856447263908933,1.035280936916525e-4,8412692.37410585,839703715.7613305,99968.74524595116,-0.6416586816284419,0.15067549074234238,0.2021297782710626,"0.78 	 (0.53, 1.16)",0.5264185387355788,1.1626193161284377,P2,Diabetes
factor(state)16,Conditional,2.2895319815824272e-5,0.030474471528785237,0.2747621885776505,99993,0.030499656380582645,8.257421488014018e-4,133962.9831585633,13199382.164413048,99157.88985742493,-0.0675289090552374,0.6170532862105383,0.17464150818342886,"1.32 	 (0.93, 1.85)",0.9347006989113081,1.853458375679989,P2,Diabetes
factor(state)17,Conditional,3.6879997463624837e-6,0.05564078387412291,-0.17910345710322373,99993,0.05564484067384391,7.290522664584873e-5,16954887.62907914,1693265970.9989407,99969.89530422042,-0.6414424716134086,0.28323555740696116,0.23589158669576138,"0.84 	 (0.53, 1.33)",0.5265323680008227,1.3274178080894665,P2,Diabetes
factor(state)18,Conditional,3.490510211152121e-6,0.01320692706570653,0.12272165609038281,99993,0.013210766626938798,2.9063879036647834e-4,1071036.8151435596,106545559.60821381,99868.24157375694,-0.10255288117515236,0.34799619335591797,0.11493809910964596,"1.13 	 (0.90, 1.42)",0.9025304216216707,1.4162268586581723,P2,Diabetes
factor(state)19,Conditional,2.8030233203481627e-6,0.014333074947605254,0.19848959436455732,99993,0.014336158273257637,2.1507335463326663e-4,1953210.0902210327,194567048.64076248,99918.15622618592,-0.03618414157292371,0.43316333030203835,0.11973369731724498,"1.22 	 (0.96, 1.54)",0.9644626794557405,1.542128076376737,P2,Diabetes
factor(state)2,Conditional,3.7941257791930344e-6,0.03562406045031498,-0.5908123111584785,99993,0.03562823398867209,1.171413199553844e-4,6572604.9450724535,655876820.5305134,99964.04885520949,-0.9607641921196135,-0.2208604301973437,0.18875442773262854,"0.55 	 (0.38, 0.80)",0.38260039402325047,0.8018285835380251,P2,Diabetes
factor(state)20,Conditional,3.174176467016444e-6,0.014232900180916924,0.22735252683670115,99993,0.014236391775030641,2.452583610295154e-4,1502830.5379739213,149621796.85730487,99899.73064764748,-0.006503227088348995,0.46120828076175124,0.11931635166661207,"1.26 	 (0.99, 1.59)",0.9935178731283215,1.5859891479099921,P2,Diabetes
factor(state)21,Conditional,3.307064997711727e-6,0.012918782965105376,0.1800280138266441,99993,0.012922420736602859,2.8150851699007784e-4,1141451.0326664732,113568903.22324114,99874.9422546534,-0.04277447310167573,0.40283050075496396,0.11367682585559319,"1.20 	 (0.96, 1.50)",0.9581274492143609,1.496053290268333,P2,Diabetes
factor(state)22,Conditional,5.316336762992049e-6,0.01591686641392113,-0.07514379941013613,99993,0.01592271438436042,3.6727220611551244e-4,671634.0795229636,66721589.217482455,99804.76063234644,-0.32246232649692314,0.17217472767665085,0.12618523837739667,"0.93 	 (0.72, 1.19)",0.7243632205929001,1.1878853715331292,P2,Diabetes
factor(state)23,Conditional,4.6834992640022955e-6,0.014704517255319396,-0.3005769237920114,99993,0.014709669104509798,3.50235559603651e-4,738338.68512021075,73370593.67520387,99819.99050244677,-0.5382880720273082,-0.0628657755567146,0.12128342468989652,"0.74 	 (0.58, 0.94)",0.5837467298251524,0.9390695113126413,P2,Diabetes
factor(state)24,Conditional,3.576722372274564e-6,0.01806822575917687,-0.5814653837145608,99993,0.018072160153786373,2.1770472240296683e-4,1906369.1794531639,189892061.77061892,99916.63014479377,-0.8449487037117942,-0.3179820637173275,0.13443273468090416,"0.56 	 (0.43, 0.73)",0.42957939347394564,0.7276158390209211,P2,Diabetes
factor(state)25,Conditional,3.115559590668803e-6,0.12370586916974452,-0.11833945279599703,99993,0.12370929628529426,2.7702975060436716e-5,117329230.62450701,11727074586.064487,99969.89530422042,-0.8077044994259399,0.5710255938339458,0.35172332348778673,"0.89 	 (0.45, 1.77)",0.44588041111705473,1.7700815055058658,P2,Diabetes
factor(state)27,Conditional,2.8063481010549653e-6,0.016287554737674195,-0.15325907397909352,99993,0.016290641720585357,1.8949424854514205e-4,2514956.7178015886,250640035.56664822,99932.19268139395,-0.40341868290251326,0.09690053494432618,0.12763479823537685,"0.86 	 (0.67, 1.10)",0.6680323470418661,1.1017507824679391,P2,Diabetes
factor(state)28,Conditional,2.437091892900685e-6,0.01551818567325955,0.22694890370439633,99993,0.015520866474341742,1.7272238548166814e-4,3026177.7166286507,301679121.38793445,99940.60996268231,-0.017228838731518564,0.4711266461403112,0.12458276957244827,"1.25 	 (0.98, 1.60)",0.9829187290214776,1.6017978363426666,P2,Diabetes
factor(state)29,Conditional,5.1088187361127345e-6,0.01459497395396642,-0.13577554705175723,99993,0.014600593654576145,3.8489535033136625e-4,611731.4704854102,60751524.421583615,99788.33547509085,-0.37260371580841145,0.1010526217048969,0.12083291627108958,"0.87 	 (0.69, 1.11)",0.6889381940705659,1.1063348574580918,P2,Diabetes
factor(state)3,Conditional,4.121310134598952e-6,0.017735177009689174,-0.4040215994413283,99993,0.017739710450837234,2.555532775251633e-4,1384442.879272163,137809640.23296654,99892.98586788053,-0.6650701933562744,-0.14297300552638237,0.13319050435686935,"0.67 	 (0.51, 0.87)",0.5142374303885899,0.8667774667811401,P2,Diabetes
factor(state)30,Conditional,2.770392083699453e-6,0.05069990805976526,0.0614795436142589,99993,0.05070295549105733,6.010362241323163e-5,24940831.915366136,2491387117.5058885,99969.89530422042,-0.37985175574670094,0.5028108429752187,0.22517316778661112,"1.06 	 (0.68, 1.65)",0.6839627952510877,1.6533620865487555,P2,Diabetes
factor(state)31,Conditional,3.099982695145864e-6,0.12215020654287656,-0.16003438666419076,99993,0.12215361652384123,2.791551377437041e-5,115549868.46137142,11549182892.403063,99969.89530422042,-0.8450512388463488,0.5249824655179672,0.3495048161668752,"0.85 	 (0.43, 1.69)",0.42953534875113825,1.6904292073186584,P2,Diabetes
factor(state)32,Conditional,2.5306782139634786e-6,0.015108501749771281,0.194915575593266,99993,0.015111285495806641,1.8421636174714004e-4,2660878.167156367,265207687.0019131,99934.90865989862,-0.04601881690757531,0.4358499680941073,0.12292796872887245,"1.22 	 (0.96, 1.55)",0.9550239914234592,1.5462767864921771,P2,Diabetes
factor(state)33,Conditional,4.863716055944095e-6,0.011841253901406414,0.34616223472405533,99993,0.011846603989067953,4.5161361572274776e-4,444868.5450293386,44127411.783152096,99719.98320400548,0.13283562155646675,0.5594888478916439,0.10884210577284856,"1.41 	 (1.14, 1.75)",1.1420622524851505,1.7497778690223433,P2,Diabetes
factor(state)34,Conditional,3.4184680065601143e-6,0.0440286256591239,0.10927244231253228,99993,0.04403238597393112,8.539884278454452e-5,12359641.388264641,1234066428.6178458,99969.89530422042,-0.3020043474867047,0.5205492321117692,0.20983895247053422,"1.12 	 (0.74, 1.68)",0.7393348506341114,1.6829517270402299,P2,Diabetes
factor(state)35,Conditional,4.258668760966901e-6,0.11222674993589264,-0.26060045579179714,99993,0.11223143447152971,4.173996045868896e-5,51696920.70283462,5165810168.464424,99969.89530422042,-0.9172072133810284,0.3960063017974341,0.3350096035511963,"0.77 	 (0.40, 1.49)",0.3996335753336137,1.4858786812283464,P2,Diabetes
factor(state)36,Conditional,4.361175411528845e-6,0.014297362108844554,0.24444299770796415,99993,0.014302159401797236,3.3542438018687533e-4,804769.3373498837,79993234.47531392,99832.71228581991,0.010047694743892444,0.4788383006720358,0.11959163600267887,"1.28 	 (1.01, 1.61)",1.0100983423170493,1.6141980997066074,P2,Diabetes
factor(state)37,Conditional,3.858177797934814e-6,0.02684536693153066,1.011658320207495,99993,0.02684961092710839,1.580654404732322e-4,3612463.1417912217,360220693.2133958,99947.45564828749,0.6905015431946608,1.332815097220329,0.16385850886392317,"2.75 	 (1.99, 3.79)",1.994715718497958,3.7917023883215855,P2,Diabetes
factor(state)4,Conditional,5.007224469413536e-6,0.12864278701699836,-0.18436434098641927,99993,0.12864829496391472,4.281399079482432e-5,49136669.00141624,4909882361.293664,99969.89530422042,-0.8873558969101336,0.5186272149372948,0.35867575184826017,"0.83 	 (0.41, 1.68)",0.41174300566802546,1.6797201714645267,P2,Diabetes
factor(state)5,Conditional,4.0354889330763695e-6,0.031551072369763386,-0.16260570089969018,99993,0.03155551140758977,1.4067393074530633e-4,4559468.9102261495,454794562.72385544,99954.96095585001,-0.5107711763325822,0.18555977453320172,0.17763871032967382,"0.85 	 (0.60, 1.20)",0.6000326693494181,1.2038921597162993,P2,Diabetes
factor(state)6,Conditional,6.755336760001418e-6,0.01630775766663539,-0.17658084019624334,99993,0.01631518853707139,4.5545722129518323e-4,437421.87069696054,43385771.53663522,99715.7486528651,-0.4269288547958259,0.07376717440333921,0.1277309223996734,"0.84 	 (0.65, 1.08)",0.6525099735318469,1.0765561264926184,P2,Diabetes
factor(state)7,Conditional,4.821517967066979e-6,0.01947629722317898,-0.0375296610839973,99993,0.019481600892942753,2.7223993515311886e-4,1220293.8503210398,121433592.71081388,99881.55631147155,-0.3110945877162285,0.23603526554823384,0.1395765055191695,"0.96 	 (0.73, 1.27)",0.7326445734147972,1.2662189632854413,P2,Diabetes
factor(state)8,Conditional,3.914374909470942e-6,0.01435386423012768,-0.4558011603543406,99993,0.014358170042528097,2.998858759622195e-4,1006170.6062964818,100076126.12820467,99861.26776840999,-0.6906549878578865,-0.2209473328507947,0.11982558175334722,"0.63 	 (0.50, 0.80)",0.501247650397872,0.8017589055341483,P2,Diabetes
factor(state)9,Conditional,4.709934616994366e-6,0.010750648909420908,-0.08146323277399008,99993,0.010755829837499602,4.8168557488988763e-4,391266.41459576134,38789593.48212484,99685.99115960028,-0.2847317251225872,0.12180525957460704,0.1037103169289324,"0.92 	 (0.75, 1.13)",0.752216027915456,1.1295341144068611,P2,Diabetes
hh_children,Conditional,4.7879604103771795e-8,2.602588518631191e-4,-0.020241414250796945,99993,2.603115194276332e-4,2.023251396248355e-4,2206596.932303623,219858272.82690942,99925.33276696845,-0.05186381127321945,0.01138098277162556,0.016134172412232157,"0.98 	 (0.95, 1.01)",0.9494581635367372,1.0114459925470138,P2,Diabetes
hh_high,Conditional,7.213176643205019e-7,0.00643400265814247,0.4944234552813041,99993,0.0064347961075732225,1.23306071783491e-4,5932489.397111803,591934406.7949835,99961.78685646765,0.3372006695029879,0.6516462410596203,0.08021718087525403,"1.64 	 (1.40, 1.92)",1.401020177554813,1.9186968680657668,P2,Diabetes
hh_highest,Conditional,9.654038835224799e-7,0.008027830852977733,0.5556097366533596,99993,0.008028892797249608,1.322653445115757e-4,5156840.720385744,514458532.4081085,99958.34921768516,0.37998894858563437,0.7312305247210847,0.0896040891770549,"1.74 	 (1.46, 2.08)",1.462268429210603,2.077635617338989,P2,Diabetes
hh_low,Conditional,8.794037440783858e-7,0.005755315410243303,0.23128373059882099,99993,0.00575628275436179,1.6805013925926852e-4,3196520.264892265,318687299.478192,99942.84386409448,0.0825809285770771,0.3799865326205648,0.07587017038574376,"1.26 	 (1.09, 1.46)",1.0860865653228402,1.4622648964254232,P2,Diabetes
hh_medium,Conditional,6.608966717263854e-7,0.005932893406564625,0.3406838966793166,99993,0.005933620392903524,1.225198598428176e-4,6008786.506484143,599555687.03104,99962.0800266133,0.18970787709673365,0.49165991626189953,0.0770299967084481,"1.41 	 (1.21, 1.64)",1.2088963997451216,1.6350279782166162,P2,Diabetes
husband,Conditional,6.348379146137375e-7,0.002821583368601981,0.2137369212759379,99993,0.0028222816903080558,2.474316112644619e-4,1476604.6772893122,147005012.36162454,99898.3263266161,0.10961353738813306,0.31786030516374275,0.05312515120268418,"1.24 	 (1.12, 1.37)",1.1158467540693895,1.3741842813704028,P2,Diabetes
nmembers,Conditional,4.640248113572403e-9,4.3100683941337305e-5,1.3038356741396743e-4,99993,4.310578821426223e-5,1.184127036387381e-4,6432371.068150228,641868281.3606571,99963.58925315231,-0.012737759693490072,0.012998526828318004,0.006565499844967041,"1.00 	 (0.99, 1.01)",0.9873430222102507,1.0130833749129704,P2,Diabetes
own_age,Conditional,1.8291897418452038e-9,8.091347572974002e-6,0.06654966670505542,99993,8.093359681690033e-6,2.4861229392557545e-4,1462643.932436769,145612047.23213646,99897.55901279862,0.06097379830137698,0.07212553510873387,0.002844883069950333,"1.07 	 (1.06, 1.07)",1.0628710647950312,1.0747902595074175,P2,Diabetes
own_alcohol,Conditional,2.33915621770309e-7,0.002939377043837457,0.033905994360944616,99993,0.002939634351021404,8.753033650526504e-5,11765470.380490486,1174695522.1508367,99969.89530422042,-0.07236010715133151,0.14017209587322071,0.05421839495061989,"1.03 	 (0.93, 1.15)",0.9301958653081497,1.1504717732658853,P2,Diabetes
own_bmi,Conditional,4.370401933136671e-8,8.639521955164018e-6,0.05123090866173666,99993,8.687596376428522e-6,0.00553368494362152,3239.1376641512798,293909.51824858173,74299.95956553555,0.045453944181733506,0.05700787314173981,0.002947472879676507,"1.05 	 (1.05, 1.06)",1.0465028059609964,1.0586641453755603,P2,Diabetes
own_education_2,Conditional,2.2405359795680982e-7,0.004774605610508353,0.09772643242648345,99993,0.004774852069466106,5.1616040490244616e-5,33812442.279137745,3378104939.6895213,99969.89530422042,-0.0377076755851405,0.23316054043810736,0.0691003044093592,"1.10 	 (0.96, 1.26)",0.9629944065259574,1.2625841588717073,P2,Diabetes
own_education_3,Conditional,9.142050896460205e-7,0.0036163209385688625,0.2154923863680065,99993,0.0036173265641674733,2.780024365430958e-4,1170350.1611731201,116451558.41171342,99877.46648514103,0.0976118904150686,0.3333728823209444,0.060144214719019096,"1.24 	 (1.10, 1.40)",1.1025347977381572,1.395667621236068,P2,Diabetes
own_education_4,Conditional,3.7427962745204063e-6,0.006554378525828679,0.1977899098048912,99993,0.0065584956017306515,6.277469944305575e-4,230975.91803999915,22838797.052292164,99492.91251588587,0.03906312110766369,0.35651669850211865,0.08098453927590532,"1.22 	 (1.04, 1.43)",1.0398361171862107,1.428345381547907,P2,Diabetes
own_tobacco_any,Conditional,1.1508421668659477e-6,0.0027107730275474557,-0.025457654482271774,99993,0.0027120389539310084,4.667803099648054e-4,416541.97517890926,41306410.176864885,99703.08624484765,-0.12752717281264253,0.07661186384809897,0.05207724026800007,"0.97 	 (0.88, 1.08)",0.8802694961111468,1.0796229543606461,P2,Diabetes
rural,Conditional,2.6497354768538065e-7,0.0024233868178908454,-0.08592324667710194,99993,0.0024236782887932995,1.2025973240822989e-4,6236510.260952106,622303212.7740009,99962.91516874432,-0.1824139735747013,0.010567480220497402,0.049230867235844016,"0.92 	 (0.83, 1.01)",0.8332563229079604,1.010623513241614,P2,Diabetes
spouse_dm,Conditional,1.9928154168081745e-7,0.006352312149769237,0.7353210057189377,99993,0.006352531359465086,3.450745591712557e-5,75628648.4104211,7558169474.4429455,99969.89530422042,0.5791064493153523,0.891535562122523,0.07970276883186107,"2.09 	 (1.78, 2.44)",1.7844432276910007,2.4388718165741414,P2,Diabetes
spouse_dm:husband,Conditional,3.2133899076292476e-6,0.011274032762169144,-0.011475687785746692,99993,0.011277567491067536,3.13430081548337e-4,921314.4567832829,91613854.9935796,99850.71299659778,-0.219615814285295,0.19666443871380157,0.10619589206305269,"0.99 	 (0.80, 1.22)",0.8028271734533741,1.2173354815015085,P2,Diabetes
(Intercept),Conditional,8.064477406899192e-6,0.005110022794387835,-4.133236455926802,99994,0.005118893719535424,0.0017329770129304839,30910.03857496527,2996794.1022463134,96601.07918079056,-4.273464966990633,-3.9930079448629714,0.07154644449261909,"0.02 	 (0.01, 0.02)",0.013933420572002489,0.01844415160614777,P1,Hypertension
factor(state)10,Conditional,3.643266270151105e-7,0.0026878628915599865,0.15550449616572382,99994,0.0026882636508497033,1.4907737549847466e-4,4060538.514765404,404966438.4679285,99952.41751417988,0.05388336560894523,0.2571256267225024,0.05184846816300076,"1.17 	 (1.06, 1.29)",1.055361503530146,1.29320757798457,P1,Hypertension
factor(state)11,Conditional,5.789131257954297e-7,0.006517870792107944,0.5316426319919263,99994,0.006518507596546319,9.76917536634258e-5,9446915.883150162,943032582.194123,99970.89498209795,0.37340048031042034,0.6898847836734323,0.08073727513699183,"1.70 	 (1.45, 1.99)",1.4526659874813894,1.9934858378957023,P1,Hypertension
factor(state)12,Conditional,9.81277422988942e-7,0.0026090560477516093,0.34906140484817044,99994,0.002610135452916897,4.135437354722613e-4,530183.7484343377,52625909.76788904,99761.17589456866,0.24892785242925508,0.4491949572670858,0.051089484758772986,"1.42 	 (1.28, 1.57)",1.2826494896866631,1.567050135232654,P1,Hypertension
factor(state)13,Conditional,5.278141833591999e-7,0.004352577373120506,0.2345364629296336,99994,0.0043531579687222,1.3337342817943833e-4,5071610.307893797,505945667.04382837,99958.91115256403,0.10522104560891124,0.363851880250356,0.06597846594702093,"1.26 	 (1.11, 1.44)",1.1109561551962002,1.4388610746312023,P1,Hypertension
factor(state)14,Conditional,1.7399410869930974e-6,0.0042628461987008325,0.327586601070313,99994,0.004264760133896525,4.4877909556515394e-4,450483.04165881843,44686595.78515557,99724.0804396621,0.19959089285326403,0.455582309287362,0.06530513099210908,"1.39 	 (1.22, 1.58)",1.2209031757610962,1.5770914707129733,P1,Hypertension
factor(state)15,Conditional,7.394303189575005e-7,0.007629845648503289,-0.02685919789780472,99994,0.007630659021854142,1.0659280522478548e-4,7936327.744376319,792112243.0489211,99968.72346202459,-0.19806919321581232,0.14435079742020285,0.08735364343777621,"0.97 	 (0.82, 1.16)",0.8203130910733345,1.155289309958471,P1,Hypertension
factor(state)16,Conditional,6.559092492789661e-6,0.005114982894419763,0.14537314273180452,99994,0.005122197896161832,0.0014085753593149882,46518.35849944704,4536097.028901984,97700.51437195645,0.00509940039129278,0.2856468850723162,0.07156953189844008,"1.16 	 (1.01, 1.33)",1.005112424462375,1.330622509613508,P1,Hypertension
factor(state)17,Conditional,7.659318595179449e-7,0.005006880328006078,0.18216511619367523,99994,0.005007722853051548,1.682451425913739e-4,3189125.9281116454,317948983.1151466,99943.75079915689,0.04346774321239444,0.320862489174956,0.07076526586575894,"1.20 	 (1.04, 1.38)",1.0444263039312018,1.3783160344866376,P1,Hypertension
factor(state)18,Conditional,6.946812393445071e-7,0.00246227205929136,0.06740663651639939,99994,0.002463036208654639,3.1024690607222205e-4,940263.3421495261,93503440.45898148,99854.2274882275,-0.029864389048154014,0.1646776620809528,0.04962898556946978,"1.07 	 (0.97, 1.18)",0.9705771455148376,1.179013016851679,P1,Hypertension
factor(state)19,Conditional,5.724400897586538e-7,0.0030236080448108825,-0.04240264794944644,99994,0.003024237728909617,2.0821250019969513e-4,2083795.2690043654,207600746.6314463,99923.06202412528,-0.15018708483651072,0.06538178893761785,0.0549930698262028,"0.96 	 (0.86, 1.07)",0.8605469660757719,1.0675665316803205,P1,Hypertension
factor(state)2,Conditional,7.37083320054826e-7,0.004543726823773457,-0.0122155647881861,99994,0.004544537615425517,1.7841015317119165e-4,2836592.4627690646,282750497.20562404,99938.82437117446,-0.1443429815426731,0.1199118519663009,0.06741318576825692,"0.99 	 (0.87, 1.13)",0.8655908154677039,1.1273974693291464,P1,Hypertension
factor(state)20,Conditional,7.013209644404043e-7,0.002825042460347908,0.14370579206463582,99994,0.0028258139134087925,2.730020746319553e-4,1213506.5824299674,120756527.15908067,99882.01767677155,0.03951727061955218,0.24789431350971947,0.05315838516554837,"1.15 	 (1.04, 1.28)",1.0403084655015349,1.2813245063478196,P1,Hypertension
factor(state)21,Conditional,6.689546236020597e-7,0.002486605783039308,0.16257985511576215,99994,0.00248734163312527,2.9583796458136397e-4,1033818.4507669633,102833519.01548329,99865.34151791218,0.06483006902097511,0.26032964121054913,0.04987325569005166,"1.18 	 (1.07, 1.30)",1.0669776964134599,1.2973576787416508,P1,Hypertension
factor(state)22,Conditional,1.8021252904049886e-6,0.0026138968942168205,0.238119000189022,99994,0.002615879232036266,7.578093801763112e-4,158864.35706953626,15671932.630994959,99283.24599813456,0.13787532756106852,0.33836267281697546,0.05114566679628164,"1.27 	 (1.15, 1.40)",1.1478324382837382,1.402649113875507,P1,Hypertension
factor(state)23,Conditional,9.21084384336429e-7,0.0022915599290461563,0.1108303935311793,99994,0.0022925731218689264,4.4194569547430966e-4,464464.6466553706,46079174.79242767,99731.4869313683,0.016985704263493065,0.2046750827988655,0.047880822067597445,"1.12 	 (1.02, 1.23)",1.0171307815876591,1.2271262857433698,P1,Hypertension
factor(state)24,Conditional,7.466700025455573e-7,0.00285572004124548,-0.1654781765665829,99994,0.00285654137824828,2.8752848078951427e-4,1094272.6972037745,108863118.27417251,99871.54275133616,-0.27023163148887436,-0.06072472164429142,0.05344662176647164,"0.85 	 (0.76, 0.94)",0.7632026920852787,0.941082263700672,P1,Hypertension
factor(state)25,Conditional,6.82438544833627e-7,0.02193673568796188,-0.3338307954324052,99994,0.0219374863703612,3.4219161969769e-5,76907949.2203581,7686060003.456792,99970.89498209795,-0.6241271105103314,-0.04353448035447888,0.14811308642507318,"0.72 	 (0.54, 0.96)",0.5357288565710071,0.957399542046249,P1,Hypertension
factor(state)27,Conditional,5.596957257361616e-7,0.0027795622099033614,0.008241883092998146,99994,0.002780177875201671,2.2144816840725278e-4,1842585.8357779956,183526306.41840324,99915.4314035719,-0.095101907057458,0.11158567324345428,0.05272739207662058,"1.01 	 (0.91, 1.12)",0.9092802676701284,1.1180495268317658,P1,Hypertension
factor(state)28,Conditional,6.358745430884617e-7,0.0034219209300065828,-0.0029831426535929383,99994,0.00342262039200398,2.0436446853159943e-4,2162857.1678950703,215492286.39104962,99925.20776771917,-0.11764724096883507,0.11168095566164918,0.058503165657970854,"1.00 	 (0.89, 1.12)",0.889009603473835,1.118156062369745,P1,Hypertension
factor(state)29,Conditional,7.689111500800816e-7,0.0027798132109181787,0.04692221259710744,99994,0.0027806590131832665,3.041733132606667e-4,978081.0801304779,97274787.9114044,99858.96801992276,-0.0564305201164345,0.15027494531064936,0.052731954384256104,"1.05 	 (0.95, 1.16)",0.9451321498856365,1.1621537275234837,P1,Hypertension
factor(state)3,Conditional,9.316364916252369e-7,0.002378664541038534,0.4510177979854513,99994,0.0023796893411793217,4.306445060092979e-4,489062.83142536914,48529373.79485009,99743.51175559891,0.35540671564570403,0.5466288803251985,0.04878205962420326,"1.57 	 (1.43, 1.73)",1.4267608222408723,1.7274198521914663,P1,Hypertension
factor(state)30,Conditional,6.841079015438441e-7,0.015088758558804139,-0.1385142337477947,99994,0.015089511077495838,4.987031639616993e-5,36219964.98425995,3618747344.0758705,99970.89498209795,-0.37927497695021917,0.10224650945462974,0.1228393710399717,"0.87 	 (0.68, 1.11)",0.6843574042790914,1.1076564858725164,P1,Hypertension
factor(state)31,Conditional,6.425967925132522e-7,0.024639774903595982,-0.027038205837229042,99994,0.024640481760067747,2.8686795925804742e-5,109421495.46439502,10936501620.017414,99970.89498209795,-0.33469937664745064,0.2806229649729925,0.1569728695031971,"0.97 	 (0.72, 1.32)",0.71555316601365,1.323954332662221,P1,Hypertension
factor(state)32,Conditional,1.6412397453011777e-6,0.004162614645536989,-0.13124080801693688,99994,0.00416442000925682,4.3352104634457355e-4,482619.1019400107,47887496.91415821,99740.47753961905,-0.2577218294640743,-0.004759786569799501,0.06453231755683984,"0.88 	 (0.77, 1.00)",0.7728101752307328,0.9952515232630501,P1,Hypertension
factor(state)33,Conditional,1.287816169281777e-6,0.002949122446130416,0.06629477220343276,99994,0.002950539043916626,4.801149095554839e-4,393819.522102901,39043803.98673384,99688.80985500714,-0.04016824925843965,0.17275779366530514,0.054318864530811264,"1.07 	 (0.96, 1.19)",0.9606278006398304,1.188578189051228,P1,Hypertension
factor(state)34,Conditional,7.103172527938578e-7,0.024554274387840046,-0.237001759727907,99994,0.02455505573681812,3.1820289330546314e-5,88937102.04844764,8888618384.487385,99970.89498209795,-0.5441291526425165,0.07012563318670251,0.15670052883388147,"0.79 	 (0.58, 1.07)",0.5803469569572554,1.0726429323392188,P1,Hypertension
factor(state)35,Conditional,8.570832614642204e-7,0.00999676197452973,0.10387872690478142,99994,0.00999770476611734,9.430080300088522e-5,10137913.764932832,1012072740.5948818,99970.89498209795,-0.09209517761405525,0.29985263142361807,0.09998852317199879,"1.11 	 (0.91, 1.35)",0.9120183416843373,1.3496598954622716,P1,Hypertension
factor(state)36,Conditional,1.27116397867058e-6,0.0025768464187080928,0.06812112391278777,99994,0.0025782446990846304,5.423381174929121e-4,308980.84576852876,30598648.9309898,99612.42798770446,-0.03139883199934192,0.16764107982491744,0.05077641873039719,"1.07 	 (0.97, 1.18)",0.969088992290421,1.1825121070184212,P1,Hypertension
factor(state)37,Conditional,7.780221912652924e-7,0.01168335072503781,0.0814980162542971,99994,0.011684206549448201,7.324625825210519e-5,16797475.683177836,1677535122.2435484,99970.89498209795,-0.1303613672456066,0.2933573997542008,0.10809350835942093,"1.08 	 (0.88, 1.34)",0.877778173320015,1.3409219499761533,P1,Hypertension
factor(state)4,Conditional,1.0060543752346408e-6,0.02481412710777782,0.14617147658695973,99994,0.024815233767590577,4.459598580140861e-5,45289708.215293035,4525337478.582357,99970.89498209795,-0.16257874397181238,0.4549216971457318,0.1575285173154073,"1.16 	 (0.85, 1.58)",0.8499491592175906,1.5760499689911769,P1,Hypertension
factor(state)5,Conditional,8.539649230410606e-7,0.0041714912207566094,0.31757072316641594,99994,0.004172430582171954,2.2513530107819867e-4,1782844.5766614242,177564161.36939162,99913.23669171018,0.19096811465406796,0.44417333167876394,0.0645943541044568,"1.37 	 (1.21, 1.56)",1.2104208567782488,1.5592007210795706,P1,Hypertension
factor(state)6,Conditional,1.4771567802398524e-6,0.002636998334162147,0.20732142600355416,99994,0.002638623206620411,6.158031408906614e-4,239971.31841446742,23733331.757129613,99511.42664764896,0.10664291079092919,0.30799994121617913,0.05136753066500677,"1.23 	 (1.11, 1.36)",1.1125369086148282,1.3607009089499493,P1,Hypertension
factor(state)7,Conditional,1.0499362413140046e-6,0.00339549339214522,0.27107507074312265,99994,0.003396648322010665,3.400204424936574e-4,783224.8104540188,77845310.10322943,99829.8133275491,0.15684685591361708,0.38530328557262816,0.05828077146032527,"1.31 	 (1.17, 1.47)",1.169816449710869,1.4700601018581327,P1,Hypertension
factor(state)8,Conditional,9.337511200795109e-7,0.002388300642318147,-0.028911201283692452,99994,0.0023893277685502344,4.2988084163550673e-4,490795.2514763705,48701947.532137774,99744.31423746406,-0.12471571416405791,0.06689331159667297,0.04888075049086536,"0.97 	 (0.88, 1.07)",0.8827478196186525,1.0691814028327151,P1,Hypertension
factor(state)9,Conditional,9.55457026756454e-7,0.0019731002626071793,0.1935468863386921,99994,0.0019741512653366116,5.32382066099121e-4,320588.1952814199,31753797.783671822,99625.21555119856,0.10646289602047083,0.28063087665691333,0.044431422049452926,"1.21 	 (1.11, 1.32)",1.1123366535635717,1.3239648074118628,P1,Hypertension
hh_children,Conditional,7.127434086160908e-9,3.5324197359244225e-5,-0.01278857005529152,99994,3.5332037536739e-5,2.218999537353207e-4,1835105.4072224463,182779752.98508403,99915.1641012548,-0.024438744691156877,-0.0011383954194261678,0.005944075835379206,"0.99 	 (0.98, 1.00)",0.9758574635379481,0.9988622523068265,P1,Hypertension
hh_high,Conditional,1.2176561947128702e-7,7.992507441290516e-4,0.12031151138725094,99994,7.9938468631047e-4,1.6755660161144796e-4,3215350.165169322,320567450.05161,99944.07622017528,0.06489668144486105,0.17572634132964082,0.028273391843046884,"1.13 	 (1.07, 1.19)",1.0670487727513076,1.192111782283268,P1,Hypertension
hh_highest,Conditional,2.1246911795879891e-7,0.001056160526281272,0.09012774388631063,99994,0.0010563942423110267,2.2123940134640327e-4,1846057.9737488036,183872829.90825048,99915.55476973768,0.02642456473737048,0.15383092303525076,0.03250221903672158,"1.09 	 (1.03, 1.17)",1.0267767891634305,1.1662936767122047,P1,Hypertension
hh_low,Conditional,2.1665174760526725e-7,6.506918462595958e-4,0.03128761453512038,99994,6.509301631819616e-4,3.661174974605911e-4,675863.3314870321,67143123.24810809,99806.80969829333,-0.01871760026457025,0.081292829334811,0.025513333047290424,"1.03 	 (0.98, 1.08)",0.9814564861631316,1.0846884786714992,P1,Hypertension
hh_medium,Conditional,1.3703328575730175e-7,7.024549850248161e-4,0.1034017735613819,99994,7.026057216391491e-4,2.1453940622824684e-4,1962925.7075345544,195536735.72026515,99919.46278817052,0.051449574567742934,0.15535397255502087,0.026506710879306568,"1.11 	 (1.05, 1.17)",1.0527960972553432,1.1680713531374085,P1,Hypertension
husband,Conditional,1.21498806001393e-7,4.023206800324226e-4,0.13105552854316965,99994,4.024543287190241e-4,3.320841075978088e-4,820991.1102015638,81610553.7974454,99836.51186949649,0.09173617228137443,0.17037488480496488,0.020061264384854314,"1.14 	 (1.10, 1.19)",1.0960756088039432,1.185749287399338,P1,Hypertension
nmembers,Conditional,1.094772239668496e-9,5.969517876351798e-6,-0.002597203022666852,99994,5.970722125815433e-6,2.016924315450167e-4,2220437.570157861,221239824.84767982,99926.67847510139,-0.007386387026971565,0.00219198098163786,0.0024435061133165664,"1.00 	 (0.99, 1.00)",0.9926408252882334,1.0021943851282433,P1,Hypertension
own_age,Conditional,4.329968352802843e-10,1.1120832081183633e-6,0.038193526271490856,99994,1.1125595046371716e-6,4.281088039094527e-4,494850.95850723656,49105958.37483942,99746.1714308579,0.03612619665739456,0.04026085588558715,0.0010547793630125552,"1.04 	 (1.04, 1.04)",1.036786677248648,1.0410823112230954,P1,Hypertension
own_alcohol,Conditional,5.975093897741382e-8,4.723962194406526e-4,0.20604281539103952,99994,4.7246194547352773e-4,1.3911391913116073e-4,4662170.510395727,465051808.80457956,99956.60084185853,0.16344066618083072,0.24864496460124832,0.02173618976438897,"1.23 	 (1.18, 1.28)",1.1775554842504237,1.2822866950759408,P1,Hypertension
own_bmi,Conditional,1.579463096045761e-8,2.1827442071048324e-6,0.04232175940093741,99994,2.2001183011613358e-6,0.007896890838702823,1655.6463902793125,144321.23616876607,58791.05212644861,0.039414560471073036,0.04522895833080178,0.0014832795761963878,"1.04 	 (1.04, 1.05)",1.040201620751693,1.0462673841209793,P1,Hypertension
own_education_2,Conditional,5.1637139256270985e-8,6.128092350155829e-4,0.01457986606190067,99994,6.128660358687648e-4,9.268069995326199e-5,10495136.954934722,1047765029.759268,99970.89498209795,-0.033941259696177346,0.06310099181997868,0.024756131278306892,"1.01 	 (0.97, 1.07)",0.9666282830089284,1.065134403661598,P1,Hypertension
own_education_3,Conditional,2.827106929433872e-7,4.5725063840310726e-4,-0.00566764995828176,99994,4.57561620165345e-4,6.79650015500315e-4,197228.05512631603,19483718.539696455,99414.18571103351,-0.047592634635428094,0.03625733471886457,0.02139069003481059,"0.99 	 (0.95, 1.04)",0.9535221398655305,1.0369226483589593,P1,Hypertension
own_education_4,Conditional,6.790535034181856e-7,0.0010816234264494108,-0.031147485940515213,99994,0.001082370385303171,6.901139054638693e-4,191328.24860336998,18897352.00324704,99397.41329678621,-0.09562912516053582,0.03333415327950538,0.032899397947427106,"0.97 	 (0.91, 1.03)",0.9088010050013201,1.0338959612522622,P1,Hypertension
own_tobacco_any,Conditional,1.7326215956711765e-7,4.102008347442023e-4,-0.024200257479302285,99994,4.103914231197261e-4,4.6440633206953707e-4,420793.55780549574,41729794.32755936,99706.75898932923,-0.06390544408927497,0.015504929130670388,0.020258119930529735,"0.98 	 (0.94, 1.02)",0.9380936976411239,1.0156257541980274,P1,Hypertension
rural,Conditional,1.094450813255789e-7,3.882930183791709e-4,-0.011588272682364635,99994,3.8841340796862904e-4,3.0995219780842454e-4,942047.2482108772,93681334.5812402,99854.45938910857,-0.050215648346163114,0.02703910298143384,0.019708206614723448,"0.99 	 (0.95, 1.03)",0.951024315564995,1.0274079766930617,P1,Hypertension
spouse_htn,Conditional,1.7122444881469163e-8,2.63901879299368e-4,0.2808249097635224,99994,2.639207139887376e-4,7.136495307609626e-5,17694171.914506126,1767146440.6399443,99970.89498209795,0.2489840467710604,0.31266577275598445,0.016245636767721283,"1.32 	 (1.28, 1.37)",1.282721569355719,1.3670645444480947,P1,Hypertension
(Intercept),Conditional,7.976699067096151e-6,0.005123936997715018,-4.145519487782945,99993,0.005132711366688824,0.0017094997842175999,31751.65168138467,3079671.6051384513,96686.21688295573,-4.285937132158505,-4.005101843407385,0.07164294359313292,"0.02 	 (0.01, 0.02)",0.013760719863851086,0.018222433329470718,P2,Hypertension
factor(state)10,Conditional,3.6337570206389994e-7,0.0026878561880562036,0.15476458844881325,99993,0.0026882559013284737,1.4868869889684273e-4,4081766.474919955,407086393.8596465,99951.58547120019,0.0531436043665406,0.2563855725310859,0.051848393430543954,"1.17 	 (1.05, 1.29)",1.0545810766934622,1.2922508883408645,P2,Hypertension
factor(state)11,Conditional,5.871394488589106e-7,0.006508870943212835,0.530127492523883,99993,0.00650951679660658,9.921679502870106e-5,9158985.738937378,914265056.8163446,99969.89530422042,0.3719945080361734,0.6882604770115927,0.0806815765624754,"1.70 	 (1.45, 1.99)",1.4506250144911765,1.9902504339243874,P2,Hypertension
factor(state)12,Conditional,9.956518046282601e-7,0.0026096609800441363,0.3474868913565759,99993,0.0026107561970292272,4.1950182339405375e-4,515285.5934755841,51141658.00940427,99754.09853955159,0.2473414326653508,0.447632350047801,0.05109555946488136,"1.42 	 (1.28, 1.56)",1.2806162823726153,1.5646033635477727,P2,Hypertension
factor(state)13,Conditional,5.321232811461404e-7,0.0043538365874061956,0.23319932739251775,99993,0.004354421923015456,1.3442326435271273e-4,4992796.050847324,498073727.55051047,99957.49463208554,0.10386513784277229,0.3625335169422632,0.06598804378836712,"1.26 	 (1.11, 1.44)",1.1094508218947146,1.4369653828647722,P2,Hypertension
factor(state)14,Conditional,1.7710682403697285e-6,0.0042628732859759395,0.32492605255768087,99993,0.004264821461040346,4.5680108351627696e-4,434862.4313562482,43130873.99608531,99714.26048460088,0.19692942393135318,0.4529226811840085,0.06530560053349442,"1.38 	 (1.22, 1.57)",1.2176581001516062,1.5729025668483527,P2,Hypertension
factor(state)15,Conditional,7.458743111202392e-7,0.007626032037434541,-0.028317668408712842,99993,0.007626852499176774,1.0757540444381507e-4,7792145.920292668,777707942.5929217,99967.39192271735,-0.1994849547057465,0.14284961788832082,0.08733185271810494,"0.97 	 (0.82, 1.15)",0.8191525451112921,1.1535563143871472,P2,Hypertension
factor(state)16,Conditional,6.644031363158062e-6,0.0051164252842967805,0.14442332827970605,99993,0.005123733718796254,0.0014263884308942734,45378.113354522095,4423508.7838927405,97644.32572181955,0.004128556958346963,0.28471809960106514,0.07158026067845977,"1.16 	 (1.00, 1.33)",1.0041370911902718,1.329387220506948,P2,Hypertension
factor(state)17,Conditional,7.736612300218598e-7,0.005007593185488993,0.18070784622916694,99993,0.005008444212842017,1.6991850500040501e-4,3126716.04418723,311717477.19997317,99941.95636078237,0.042000483955969836,0.31941520850236405,0.07077036253151468,"1.20 	 (1.04, 1.38)",1.0428949834658943,1.3763226671581512,P2,Hypertension
factor(state)18,Conditional,6.994264220845934e-7,0.002462398600323433,0.0659079334359679,99993,0.002463167969387726,3.1234941094345923e-4,927682.6421285978,92248885.2832483,99851.5699856083,-0.03136569387973842,0.16318156075167423,0.04963031300916534,"1.07 	 (0.97, 1.18)",0.9691211066094552,1.1772504127558683,P2,Hypertension
factor(state)19,Conditional,5.767054652303948e-7,0.003023278234381215,-0.04320177913558453,99993,0.0030239126103929685,2.0978648971968633e-4,2052701.9505689775,204497252.3637449,99921.17607897361,-0.15098042223202118,0.0645768639608521,0.054990113751409615,"0.96 	 (0.86, 1.07)",0.8598645327227331,1.066707566462268,P2,Hypertension
factor(state)2,Conditional,7.464234361406702e-7,0.004544974216912378,-0.01397011369816418,99993,0.004545795282692133,1.8062093180502438e-4,2767688.277597997,275871192.7457455,99936.7235311094,-0.14611581184607284,0.11817558444974445,0.06742251317395498,"0.99 	 (0.86, 1.13)",0.8640576292807225,1.1254417040820612,P2,Hypertension
factor(state)20,Conditional,7.103687193335882e-7,0.0028263866347776855,0.1417640248515952,99993,0.0028271680403689522,2.763916329377336e-4,1183997.2116577195,117812867.33168007,99878.61710206764,0.03755054285712331,0.24597750684606706,0.05317112036029476,"1.15 	 (1.04, 1.28)",1.0382644726085777,1.278870807380288,P2,Hypertension
factor(state)21,Conditional,6.763586179584003e-7,0.002486922660558496,0.16122903994391616,99993,0.00248766665503825,2.9907322118396965e-4,1011631.2981733413,100620727.44598149,99861.88819867534,0.06347286753087784,0.2589852123569545,0.04987651406261518,"1.17 	 (1.07, 1.30)",1.065530574933834,1.2956146455994852,P2,Hypertension
factor(state)22,Conditional,1.7931465750627951e-6,0.002614123052178928,0.23638889462008883,99993,0.002616095513411497,7.539714136801158e-4,160474.80722045642,15831889.464590438,99288.99338458442,0.1361410780733842,0.33663671116679345,0.051147781119140416,"1.27 	 (1.15, 1.40)",1.145843535590924,1.4002302833011642,P2,Hypertension
factor(state)23,Conditional,9.258410205466496e-7,0.0022915265640738045,0.10977970796268184,99993,0.002292544989196406,4.442334293986082e-4,459711.9765110882,45605795.51018985,99728.0235155451,0.015935594465658745,0.20362382145970492,0.047880528288610245,"1.12 	 (1.02, 1.23)",1.0160632432025944,1.2258369331629042,P2,Hypertension
factor(state)24,Conditional,7.471932763841118e-7,0.0028554303276491447,-0.1662089482002918,99993,0.0028562522402531673,2.8775911050127415e-4,1092523.8747760784,108688687.59645033,99870.37481496051,-0.27095710143853124,-0.061460794962052395,0.053443916775000384,"0.85 	 (0.76, 0.94)",0.76264921225744,0.9403898130350377,P2,Hypertension
factor(state)25,Conditional,6.832298812673556e-7,0.021937417803186927,-0.333954222255257,99993,0.02193816935605632,3.4257774985523815e-5,76734729.50561556,7668743368.036521,99969.89530422042,-0.6242550562349518,-0.0436533882755622,0.148115392029513,"0.72 	 (0.54, 0.96)",0.5356603167390359,0.9572857064251709,P2,Hypertension
factor(state)27,Conditional,5.627799524378076e-7,0.002777906858973207,0.006889437242362941,99993,0.0027785259169208886,2.2280085419092185e-4,1820324.2877944927,181304593.05183688,99913.63105330616,-0.0964236453493102,0.11020251983403609,0.05271172466274357,"1.01 	 (0.91, 1.12)",0.908079231025235,1.1165041618016567,P2,Hypertension
factor(state)28,Conditional,6.304487668221086e-7,0.0034219873974530735,-0.004614012844326984,99993,0.003422680891096578,2.0261709039493133e-4,2200254.088359847,219225142.14800274,99925.17243828217,-0.11927912455973971,0.11005109887108573,0.058503682713967484,"1.00 	 (0.89, 1.12)",0.8875600263819949,1.1163351124654681,P2,Hypertension
factor(state)29,Conditional,7.86382081473662e-7,0.0027816076084578906,0.04423270391837876,99993,0.0027824726287475118,3.1088186840867656e-4,936437.0457285312,93121877.31508322,99852.72965050966,-0.059153727981069604,0.1476191358178271,0.05274914813290838,"1.05 	 (0.94, 1.16)",0.9425618598873267,1.1590713635193417,P2,Hypertension
factor(state)3,Conditional,9.395057637846728e-7,0.002378941241143481,0.44969615639226823,99993,0.002379974697483644,4.3422996944287575e-4,481050.6566638595,47731262.46285307,99738.73158316404,0.35407934166624616,0.5453129711182902,0.04878498434440298,"1.57 	 (1.42, 1.73)",1.4248682334149834,1.7251482194627823,P2,Hypertension
factor(state)30,Conditional,6.956498636488828e-7,0.015083009924960936,-0.14103993032489173,99993,0.01508377513981095,5.073099028068393e-5,35001956.31826645,3497001588.46192,99969.89530422042,-0.38175490929442724,0.09967504864464369,0.1228160215110836,"0.87 	 (0.68, 1.10)",0.6826623468997575,1.1048118496309671,P2,Hypertension
factor(state)31,Conditional,6.480742429466966e-7,0.024630078607441652,-0.028058598797882073,99993,0.024630791489108895,2.8942702371403058e-5,107495572.38379915,10743959243.515757,99969.89530422042,-0.33565926727542883,0.2795420696796646,0.15694200039858322,"0.97 	 (0.71, 1.32)",0.7148666427820943,1.3225240497877329,P2,Hypertension
factor(state)32,Conditional,1.6285980170746739e-6,0.004164128902625901,-0.13378161260308835,99993,0.004165920360444683,4.300269001279986e-4,490463.1956916935,48668869.95017602,99743.16537639915,-0.2602854161463789,-0.007277809059797802,0.06454394131477162,"0.87 	 (0.77, 0.99)",0.7708315466341465,0.9927486100625968,P2,Hypertension
factor(state)33,Conditional,1.2947291164605301e-6,0.0029510494627538273,0.063897984956655135,99993,0.002952473664781934,4.8237586166980186e-4,390152.22685932775,38678655.98576424,99685.18771331386,-0.04259993385999673,0.170395903773307,0.054336669614376755,"1.07 	 (0.96, 1.19)",0.9582946946477996,1.1857742108880036,P2,Hypertension
factor(state)34,Conditional,7.314340566048713e-7,0.024552717071766914,-0.24062790128502143,99993,0.02455352164922918,3.276831216961567e-5,83866880.002858,8381743470.727459,99969.89530422042,-0.5477457000948209,0.06648989752477807,0.1566956337912106,"0.79 	 (0.58, 1.07)",0.5782518953769439,1.0687501669985544,P2,Hypertension
factor(state)35,Conditional,8.79330324598673e-7,0.010003401426051358,0.1004868518348617,99993,0.010004368689408417,9.668409742661505e-5,9644681.5991873,962791870.9837264,99969.89530422042,-0.09555235456026565,0.296526058229989,0.10002184106188217,"1.11 	 (0.91, 1.35)",0.9088707768781803,1.345177612488149,P2,Hypertension
factor(state)36,Conditional,1.292662589766979e-6,0.002578752367893496,0.06547150448295119,99993,0.00258017429674224,5.510979822328368e-4,299283.1853958026,29633630.923829854,99600.00604914728,-0.03408568571854102,0.16502869468444342,0.05079541609970569,"1.07 	 (0.97, 1.18)",0.9664886868118137,1.1794269615103186,P2,Hypertension
factor(state)37,Conditional,7.833691188365856e-7,0.011688397634155627,0.08137351067572675,99993,0.011689259340186347,7.371776137755765e-5,16583428.23215173,1656144523.413066,99969.89530422042,-0.13053167676755972,0.2932786981190132,0.10811687814669062,"1.08 	 (0.88, 1.34)",0.8776286920683375,1.3408164213787221,P2,Hypertension
factor(state)4,Conditional,1.009031684603145e-6,0.02471211374511929,0.1462161401816641,99993,0.024713223679972352,4.491258880009868e-5,44653690.29677023,4461761294.171094,99969.89530422042,-0.1618988239871079,0.454331104350436,0.1572044009561194,"1.16 	 (0.85, 1.58)",0.8505272531434614,1.5751194400433581,P2,Hypertension
factor(state)5,Conditional,8.685916211225985e-7,0.0041738737218068355,0.3153057594938512,99993,0.00417482917259007,2.288598512025093e-4,1725402.8586876786,171831700.07716027,99909.9905760726,0.18866676638403002,0.4419447526036724,0.0646129180008926,"1.37 	 (1.21, 1.56)",1.2076384596938543,1.555729788039628,P2,Hypertension
factor(state)6,Conditional,1.4896533471106394e-6,0.002636959938702929,0.2070129927525157,99993,0.002638598557384751,6.210185620073338e-4,235979.63184043192,23336372.416117348,99502.8218068301,0.1063349477080699,0.3076910377969615,0.05136729073432578,"1.23 	 (1.11, 1.36)",1.1121943410704425,1.360280648699898,P2,Hypertension
factor(state)7,Conditional,1.074618348720714e-6,0.0034002214705166857,0.2679676568535592,99993,0.0034014035507002782,3.4752717987532523e-4,749855.259271159,74518646.33694299,99822.35286697578,0.15365951148746204,0.3822758022196564,0.05832155305459791,"1.31 	 (1.17, 1.47)",1.1660937776408975,1.465616249610475,P2,Hypertension
factor(state)8,Conditional,9.362558680224082e-7,0.002388537495310976,-0.02999804909810766,99993,0.0023895673767658004,4.309907579247919e-4,488280.36613561376,48451429.48387704,99742.15202510127,-0.1258073656374827,0.06581126744126738,0.04888320137599215,"0.97 	 (0.88, 1.07)",0.8817846924559432,1.0680251270282657,P2,Hypertension
factor(state)9,Conditional,9.566584076126724e-7,0.0019730872213671318,0.19292380551940194,99993,0.0019741395456155057,5.330546418114741e-4,319783.56145724806,31673718.33921019,99623.36528744546,0.10584007368402257,0.2800075373547813,0.04443129016375178,"1.21 	 (1.11, 1.32)",1.1116440811472554,1.323139785273839,P2,Hypertension
hh_children,Conditional,7.132713309199656e-9,3.532251700590137e-5,-0.012842199689667837,99993,3.533036299054149e-5,2.220748380711548e-4,1832222.003813976,182491987.5668103,99914.06182491459,-0.02449209824496215,-0.0011923011343735225,0.0059439349752955315,"0.99 	 (0.98, 1.00)",0.975805399463175,0.9988084093742159,P2,Hypertension
hh_high,Conditional,1.2095675842672925e-7,7.990285759145547e-4,0.1200329569373997,99993,7.991616283488241e-4,1.6649001847637067e-4,3256616.6192507865,324687901.6197633,99943.57902124616,0.06462585893300107,0.17544005494179832,0.02826944690560507,"1.13 	 (1.07, 1.19)",1.0667598310501185,1.1917705457552308,P2,Hypertension
hh_highest,Conditional,2.0543453511922806e-7,0.0010560797398163502,0.08970114698643274,99993,0.0010563057178049815,2.1393237281791525e-4,1974059.5924327504,196647981.59564808,99918.81318650843,0.026000637043714067,0.1534016569291514,0.032500857185695606,"1.09 	 (1.03, 1.17)",1.0263416022977,1.1657931338077723,P2,Hypertension
hh_low,Conditional,2.1586376383320285e-7,6.506333011297141e-4,0.031011408717727593,99993,6.508707512699306e-4,3.648191899132479e-4,680666.5204382831,67621867.45552847,99806.99281302928,-0.018991523977297923,0.0810143414127531,0.025512168690057117,"1.03 	 (0.98, 1.08)",0.9811876787766007,1.0843864480888805,P2,Hypertension
hh_medium,Conditional,1.3994196801248827e-7,7.022664980729576e-4,0.10314715048333173,99993,7.024204342377713e-4,2.1915103449514578e-4,1881338.493521902,187393904.1291265,99915.78482270232,0.051201802204635875,0.15509249876202758,0.02650321554524604,"1.11 	 (1.05, 1.17)",1.0525352757919657,1.167765973016406,P2,Hypertension
husband,Conditional,2.0113865011812974e-7,5.658497921565472e-4,0.1525012655255753,99993,5.660710446716771e-4,3.90856443219543e-4,593277.7198243625,58912568.556312956,99782.62528464786,0.1058693162091915,0.1991332148419591,0.02379224757503328,"1.16 	 (1.11, 1.22)",1.1116765889025793,1.220344523074895,P2,Hypertension
nmembers,Conditional,1.0864243686207868e-9,5.9680499993858575e-6,-0.0025760906238929387,99993,5.969245066191341e-6,2.0020401109873925e-4,2253515.8001723397,224541676.420227,99926.49194931115,-0.00736468220802443,0.002212500960238553,0.002443203852770239,"1.00 	 (0.99, 1.00)",0.9926623706114436,1.0022149503465783,P2,Hypertension
own_age,Conditional,4.238488267599613e-10,1.1107765591906388e-6,0.03824538893319703,99993,1.1112427929000746e-6,4.1956061484925395e-4,515141.73661450116,51127326.4361772,99754.03814233193,0.036179283023318826,0.04031149484307524,0.0010541550136958391,"1.04 	 (1.04, 1.04)",1.0368417179465241,1.0411350318808432,P2,Hypertension
own_alcohol,Conditional,6.086046753965156e-8,4.7227866861902215e-4,0.20629937747223986,99993,4.7234561513331575e-4,1.417320541331195e-4,4491729.585030839,448029227.6536371,99954.52347770944,0.16370247336555738,0.24889628157892235,0.021733513639844704,"1.23 	 (1.18, 1.28)",1.1778638170967306,1.2826089959908085,P2,Hypertension
own_bmi,Conditional,1.5942063427908768e-8,2.184363627711853e-6,0.04224534396653555,99993,2.2018998974825525e-6,0.007964153952116072,1629.6387726815067,141893.73356675895,58381.49296006984,0.03933696777202969,0.045153720161041404,0.0014838800145168586,"1.04 	 (1.04, 1.05)",1.0401209118316417,1.0461886678391896,P2,Hypertension
own_education_2,Conditional,5.0897228402534715e-8,6.125750240500711e-4,0.01473845870613464,99993,6.126310110013139e-4,9.13877199119914e-5,10793963.300314195,1077622933.9799154,99969.89530422042,-0.0337733625988662,0.06325028001113547,0.024751384021935295,"1.01 	 (0.97, 1.07)",0.9667905907169397,1.0652934275199561,P2,Hypertension
own_education_3,Conditional,2.8106875037337464e-7,4.564941745186209e-4,-0.005332011344611055,99993,4.568033501440316e-4,6.768243387734088e-4,198868.25546091347,19646743.451470677,99417.68543756357,-0.047222242603773425,0.03655821991455132,0.0213729583853998,"0.99 	 (0.95, 1.04)",0.9538753822831928,1.03723468997492,P2,Hypertension
own_education_4,Conditional,6.816836080308859e-7,0.0010813536716281415,-0.03107024239302962,99993,0.0010821035235969755,6.929576999633295e-4,189770.75969757707,18742566.46626005,99391.82571833118,-0.09554393208512006,0.03340344729906082,0.03289534197416065,"0.97 	 (0.91, 1.03)",0.9088784318519461,1.033967606541486,P2,Hypertension
own_tobacco_any,Conditional,1.7234197678716735e-7,4.101751085755383e-4,-0.024610015886721914,99993,4.103646847500042e-4,4.6197000256338985e-4,425225.03821659903,42171102.70203937,99708.4997427508,-0.06431390900091938,0.015093877227475554,0.020257459977746573,"0.98 	 (0.94, 1.02)",0.9377105975286061,1.0152083650890014,P2,Hypertension
rural,Conditional,1.1033571596945106e-7,3.879545871576204e-4,-0.011308992037007195,99993,3.880759564451868e-4,3.1274621772023846e-4,925336.672087483,92014946.3328404,99851.25561044586,-0.04991958443346051,0.027301600359446114,0.019699643561374068,"0.99 	 (0.95, 1.03)",0.951305921229517,1.0276777039928982,P2,Hypertension
spouse_htn,Conditional,8.03205129255722e-8,6.150747135335889e-4,0.3144498458394124,99993,6.151630660978071e-4,1.4362462424569866e-4,4374281.523928948,436299483.10514235,99953.73480976498,0.26583787612476256,0.3630618155540622,0.024802481047222012,"1.37 	 (1.30, 1.44)",1.3045235471290555,1.437724730245165,P2,Hypertension
spouse_htn:husband,Conditional,2.115010042830889e-7,0.0010253664045566336,-0.06138668004180889,99993,0.001025599055661345,2.268441097202216e-4,1756139.4409420383,174899068.27240714,99911.21072170342,-0.12415447905846605,0.0013811189748482722,0.03202497549821615,"0.94 	 (0.88, 1.00)",0.8832433877365116,1.0013820731588896,P2,Hypertension
